2026-08-10T21:25:46.358+05:30  INFO 7456 --- [BankSystem] [restartedMain] c.e.BankSystem.BankSystemApplication     : Starting BankSystemApplication using Java 21.0.9 with PID 7456 (C:\Users\biraj\spring boot workspace\BankSystem\target\classes started by biraj in C:\Users\biraj\spring boot workspace\BankSystem)
2026-08-10T21:25:46.369+05:30  INFO 7456 --- [BankSystem] [restartedMain] c.e.BankSystem.BankSystemApplication     : No active profile set, falling back to 1 default profile: "default"
2026-08-10T21:25:46.480+05:30  INFO 7456 --- [BankSystem] [restartedMain] .e.DevToolsPropertyDefaultsPostProcessor : Devtools property defaults active! Set 'spring.devtools.add-properties' to 'false' to disable
2026-08-10T21:25:46.480+05:30  INFO 7456 --- [BankSystem] [restartedMain] .e.DevToolsPropertyDefaultsPostProcessor : For additional web related logging consider setting the 'logging.level.web' property to 'DEBUG'
2026-08-10T21:25:48.275+05:30  INFO 7456 --- [BankSystem] [restartedMain] .s.d.r.c.RepositoryConfigurationDelegate : Bootstrapping Spring Data JPA repositories in DEFAULT mode.
2026-08-10T21:25:48.391+05:30  INFO 7456 --- [BankSystem] [restartedMain] .s.d.r.c.RepositoryConfigurationDelegate : Finished Spring Data repository scanning in 97 ms. Found 3 JPA repository interfaces.
2026-08-10T21:25:49.639+05:30  INFO 7456 --- [BankSystem] [restartedMain] o.s.b.w.embedded.tomcat.TomcatWebServer  : Tomcat initialized with port 3030 (http)
2026-08-10T21:25:49.681+05:30  INFO 7456 --- [BankSystem] [restartedMain] o.apache.catalina.core.StandardService   : Starting service [Tomcat]
2026-08-10T21:25:49.682+05:30  INFO 7456 --- [BankSystem] [restartedMain] o.apache.catalina.core.StandardEngine    : Starting Servlet engine: [Apache Tomcat/10.1.42]
2026-08-10T21:25:49.798+05:30  INFO 7456 --- [BankSystem] [restartedMain] o.a.c.c.C.[Tomcat].[localhost].[/]       : Initializing Spring embedded WebApplicationContext
2026-08-10T21:25:49.799+05:30  INFO 7456 --- [BankSystem] [restartedMain] w.s.c.ServletWebServerApplicationContext : Root WebApplicationContext: initialization completed in 3318 ms
2026-08-10T21:25:50.149+05:30  INFO 7456 --- [BankSystem] [restartedMain] o.hibernate.jpa.internal.util.LogHelper  : HHH000204: Processing PersistenceUnitInfo [name: default]
2026-08-10T21:25:50.326+05:30  INFO 7456 --- [BankSystem] [restartedMain] org.hibernate.Version                    : HHH000412: Hibernate ORM core version 6.6.18.Final
2026-08-10T21:25:50.402+05:30  INFO 7456 --- [BankSystem] [restartedMain] o.h.c.internal.RegionFactoryInitiator    : HHH000026: Second-level cache disabled
2026-08-10T21:25:50.855+05:30  INFO 7456 --- [BankSystem] [restartedMain] o.s.o.j.p.SpringPersistenceUnitInfo      : No LoadTimeWeaver setup: ignoring JPA class transformer
2026-08-10T21:25:50.900+05:30  INFO 7456 --- [BankSystem] [restartedMain] com.zaxxer.hikari.HikariDataSource       : HikariPool-1 - Starting...
2026-08-10T21:25:51.165+05:30  INFO 7456 --- [BankSystem] [restartedMain] com.zaxxer.hikari.pool.HikariPool        : HikariPool-1 - Added connection org.postgresql.jdbc.PgConnection@54246b0d
2026-08-10T21:25:51.168+05:30  INFO 7456 --- [BankSystem] [restartedMain] com.zaxxer.hikari.HikariDataSource       : HikariPool-1 - Start completed.
2026-08-10T21:25:51.244+05:30  WARN 7456 --- [BankSystem] [restartedMain] org.hibernate.orm.deprecation            : HHH90000025: PostgreSQLDialect does not need to be specified explicitly using 'hibernate.dialect' (remove the property setting and it will be selected by default)
2026-08-10T21:25:51.272+05:30  INFO 7456 --- [BankSystem] [restartedMain] org.hibernate.orm.connections.pooling    : HHH10001005: Database info:
	Database JDBC URL [Connecting through datasource 'HikariDataSource (HikariPool-1)']
	Database driver: undefined/unknown
	Database version: 18.4
	Autocommit mode: undefined/unknown
	Isolation level: undefined/unknown
	Minimum pool size: undefined/unknown
	Maximum pool size: undefined/unknown
2026-08-10T21:25:52.613+05:30  INFO 7456 --- [BankSystem] [restartedMain] o.h.e.t.j.p.i.JtaPlatformInitiator       : HHH000489: No JTA platform available (set 'hibernate.transaction.jta.platform' to enable JTA platform integration)
2026-08-10T21:25:52.891+05:30  INFO 7456 --- [BankSystem] [restartedMain] j.LocalContainerEntityManagerFactoryBean : Initialized JPA EntityManagerFactory for persistence unit 'default'
2026-08-10T21:25:53.683+05:30  INFO 7456 --- [BankSystem] [restartedMain] eAuthenticationProviderManagerConfigurer : Global AuthenticationManager configured with AuthenticationProvider bean with name authenticationProvider
2026-08-10T21:25:53.684+05:30  WARN 7456 --- [BankSystem] [restartedMain] r$InitializeUserDetailsManagerConfigurer : Global AuthenticationManager configured with an AuthenticationProvider bean. UserDetailsService beans will not be used by Spring Security for automatically configuring username/password login. Consider removing the AuthenticationProvider bean. Alternatively, consider using the UserDetailsService in a manually instantiated DaoAuthenticationProvider. If the current configuration is intentional, to turn off this warning, increase the logging level of 'org.springframework.security.config.annotation.authentication.configuration.InitializeUserDetailsBeanManagerConfigurer' to ERROR
2026-08-10T21:25:53.742+05:30  INFO 7456 --- [BankSystem] [restartedMain] o.s.d.j.r.query.QueryEnhancerFactory     : Hibernate is in classpath; If applicable, HQL parser will be used.
2026-08-10T21:25:54.700+05:30  WARN 7456 --- [BankSystem] [restartedMain] JpaBaseConfiguration$JpaWebConfiguration : spring.jpa.open-in-view is enabled by default. Therefore, database queries may be performed during view rendering. Explicitly configure spring.jpa.open-in-view to disable this warning
2026-08-10T21:25:55.160+05:30 DEBUG 7456 --- [BankSystem] [restartedMain] o.s.s.web.DefaultSecurityFilterChain     : Will secure any request with filters: DisableEncodeUrlFilter, WebAsyncManagerIntegrationFilter, SecurityContextHolderFilter, HeaderWriterFilter, LogoutFilter, JwtAuthenticationFilter, RequestCacheAwareFilter, SecurityContextHolderAwareRequestFilter, AnonymousAuthenticationFilter, ExceptionTranslationFilter, AuthorizationFilter
2026-08-10T21:25:55.620+05:30  INFO 7456 --- [BankSystem] [restartedMain] o.s.b.d.a.OptionalLiveReloadServer       : LiveReload server is running on port 35729
2026-08-10T21:25:55.666+05:30  INFO 7456 --- [BankSystem] [restartedMain] o.s.b.w.embedded.tomcat.TomcatWebServer  : Tomcat started on port 3030 (http) with context path '/'
2026-08-10T21:25:55.681+05:30  INFO 7456 --- [BankSystem] [restartedMain] c.e.BankSystem.BankSystemApplication     : Started BankSystemApplication in 10.097 seconds (process running for 11.145)
2026-08-10T21:26:17.148+05:30  INFO 7456 --- [BankSystem] [http-nio-3030-exec-1] o.a.c.c.C.[Tomcat].[localhost].[/]       : Initializing Spring DispatcherServlet 'dispatcherServlet'
2026-08-10T21:26:17.148+05:30  INFO 7456 --- [BankSystem] [http-nio-3030-exec-1] o.s.web.servlet.DispatcherServlet        : Initializing Servlet 'dispatcherServlet'
2026-08-10T21:26:17.148+05:30  INFO 7456 --- [BankSystem] [http-nio-3030-exec-1] o.s.web.servlet.DispatcherServlet        : Completed initialization in 0 ms
2026-08-10T21:26:17.178+05:30 DEBUG 7456 --- [BankSystem] [http-nio-3030-exec-1] o.s.security.web.FilterChainProxy        : Securing GET /swagger-ui/index.html
2026-08-10T21:26:17.189+05:30 DEBUG 7456 --- [BankSystem] [http-nio-3030-exec-1] o.s.security.web.FilterChainProxy        : Secured GET /swagger-ui/index.html
2026-08-10T21:26:17.247+05:30 DEBUG 7456 --- [BankSystem] [http-nio-3030-exec-1] o.s.s.w.a.AnonymousAuthenticationFilter  : Set SecurityContextHolder to anonymous SecurityContext
2026-08-10T21:26:17.268+05:30 DEBUG 7456 --- [BankSystem] [http-nio-3030-exec-2] o.s.security.web.FilterChainProxy        : Securing GET /swagger-ui/swagger-ui.css
2026-08-10T21:26:17.268+05:30 DEBUG 7456 --- [BankSystem] [http-nio-3030-exec-2] o.s.security.web.FilterChainProxy        : Secured GET /swagger-ui/swagger-ui.css
2026-08-10T21:26:17.272+05:30 DEBUG 7456 --- [BankSystem] [http-nio-3030-exec-5] o.s.security.web.FilterChainProxy        : Securing GET /swagger-ui/index.css
2026-08-10T21:26:17.272+05:30 DEBUG 7456 --- [BankSystem] [http-nio-3030-exec-5] o.s.security.web.FilterChainProxy        : Secured GET /swagger-ui/index.css
2026-08-10T21:26:17.272+05:30 DEBUG 7456 --- [BankSystem] [http-nio-3030-exec-3] o.s.security.web.FilterChainProxy        : Securing GET /swagger-ui/swagger-ui-bundle.js
2026-08-10T21:26:17.272+05:30 DEBUG 7456 --- [BankSystem] [http-nio-3030-exec-6] o.s.security.web.FilterChainProxy        : Securing GET /swagger-ui/swagger-initializer.js
2026-08-10T21:26:17.272+05:30 DEBUG 7456 --- [BankSystem] [http-nio-3030-exec-9] o.s.security.web.FilterChainProxy        : Securing GET /swagger-ui/swagger-ui-standalone-preset.js
2026-08-10T21:26:17.272+05:30 DEBUG 7456 --- [BankSystem] [http-nio-3030-exec-6] o.s.security.web.FilterChainProxy        : Secured GET /swagger-ui/swagger-initializer.js
2026-08-10T21:26:17.277+05:30 DEBUG 7456 --- [BankSystem] [http-nio-3030-exec-3] o.s.security.web.FilterChainProxy        : Secured GET /swagger-ui/swagger-ui-bundle.js
2026-08-10T21:26:17.277+05:30 DEBUG 7456 --- [BankSystem] [http-nio-3030-exec-9] o.s.security.web.FilterChainProxy        : Secured GET /swagger-ui/swagger-ui-standalone-preset.js
2026-08-10T21:26:17.280+05:30 DEBUG 7456 --- [BankSystem] [http-nio-3030-exec-5] o.s.s.w.a.AnonymousAuthenticationFilter  : Set SecurityContextHolder to anonymous SecurityContext
2026-08-10T21:26:17.287+05:30 DEBUG 7456 --- [BankSystem] [http-nio-3030-exec-2] o.s.s.w.a.AnonymousAuthenticationFilter  : Set SecurityContextHolder to anonymous SecurityContext
2026-08-10T21:26:17.299+05:30 DEBUG 7456 --- [BankSystem] [http-nio-3030-exec-9] o.s.s.w.a.AnonymousAuthenticationFilter  : Set SecurityContextHolder to anonymous SecurityContext
2026-08-10T21:26:17.320+05:30 DEBUG 7456 --- [BankSystem] [http-nio-3030-exec-3] o.s.s.w.a.AnonymousAuthenticationFilter  : Set SecurityContextHolder to anonymous SecurityContext
2026-08-10T21:26:17.357+05:30 DEBUG 7456 --- [BankSystem] [http-nio-3030-exec-6] o.s.s.w.a.AnonymousAuthenticationFilter  : Set SecurityContextHolder to anonymous SecurityContext
2026-08-10T21:26:17.453+05:30 DEBUG 7456 --- [BankSystem] [http-nio-3030-exec-4] o.s.security.web.FilterChainProxy        : Securing GET /v3/api-docs/swagger-config
2026-08-10T21:26:17.453+05:30 DEBUG 7456 --- [BankSystem] [http-nio-3030-exec-4] o.s.security.web.FilterChainProxy        : Secured GET /v3/api-docs/swagger-config
2026-08-10T21:26:17.508+05:30 DEBUG 7456 --- [BankSystem] [http-nio-3030-exec-4] o.s.s.w.a.AnonymousAuthenticationFilter  : Set SecurityContextHolder to anonymous SecurityContext
2026-08-10T21:26:17.532+05:30 DEBUG 7456 --- [BankSystem] [http-nio-3030-exec-8] o.s.security.web.FilterChainProxy        : Securing GET /v3/api-docs
2026-08-10T21:26:17.532+05:30 DEBUG 7456 --- [BankSystem] [http-nio-3030-exec-8] o.s.security.web.FilterChainProxy        : Secured GET /v3/api-docs
2026-08-10T21:26:18.430+05:30  INFO 7456 --- [BankSystem] [http-nio-3030-exec-8] o.springdoc.api.AbstractOpenApiResource  : Init duration for springdoc-openapi is: 882 ms
2026-08-10T21:26:18.478+05:30 DEBUG 7456 --- [BankSystem] [http-nio-3030-exec-8] o.s.s.w.a.AnonymousAuthenticationFilter  : Set SecurityContextHolder to anonymous SecurityContext
2026-08-10T21:26:40.340+05:30 DEBUG 7456 --- [BankSystem] [http-nio-3030-exec-7] o.s.security.web.FilterChainProxy        : Securing GET /health
2026-08-10T21:26:40.340+05:30 DEBUG 7456 --- [BankSystem] [http-nio-3030-exec-7] o.s.security.web.FilterChainProxy        : Secured GET /health
2026-08-10T21:26:40.348+05:30 DEBUG 7456 --- [BankSystem] [http-nio-3030-exec-7] o.s.s.w.a.AnonymousAuthenticationFilter  : Set SecurityContextHolder to anonymous SecurityContext
2026-08-10T21:26:46.088+05:30 DEBUG 7456 --- [BankSystem] [http-nio-3030-exec-10] o.s.security.web.FilterChainProxy        : Securing GET /health
2026-08-10T21:26:46.088+05:30 DEBUG 7456 --- [BankSystem] [http-nio-3030-exec-10] o.s.security.web.FilterChainProxy        : Secured GET /health
2026-08-10T21:26:46.095+05:30 DEBUG 7456 --- [BankSystem] [http-nio-3030-exec-10] o.s.s.w.a.AnonymousAuthenticationFilter  : Set SecurityContextHolder to anonymous SecurityContext
2026-08-10T21:27:21.729+05:30 DEBUG 7456 --- [BankSystem] [http-nio-3030-exec-3] o.s.security.web.FilterChainProxy        : Securing POST /api/v1/auth/login
2026-08-10T21:27:21.732+05:30 DEBUG 7456 --- [BankSystem] [http-nio-3030-exec-3] o.s.security.web.FilterChainProxy        : Secured POST /api/v1/auth/login
2026-08-10T21:27:21.748+05:30  INFO 7456 --- [BankSystem] [http-nio-3030-exec-3] c.e.B.controller.AuthController          : Enter auth controller
2026-08-10T21:27:21.864+05:30  INFO 7456 --- [BankSystem] [http-nio-3030-exec-3] c.e.B.security.CustomUserDetailsService  : load User By Username for
2026-08-10T21:27:22.061+05:30 DEBUG 7456 --- [BankSystem] [http-nio-3030-exec-3] org.hibernate.SQL                        : 
    select
        ue1_0.id,
        ue1_0.active,
        ue1_0.email,
        ue1_0.mobile,
        ue1_0.name,
        ue1_0.password,
        ue1_0.role 
    from
        users ue1_0 
    where
        ue1_0.email=?
2026-08-10T21:27:22.107+05:30  INFO 7456 --- [BankSystem] [http-nio-3030-exec-3] c.e.B.security.CustomUserDetailsService  : Mail of user rohit@gmail.com
2026-08-10T21:27:22.107+05:30  INFO 7456 --- [BankSystem] [http-nio-3030-exec-3] c.e.B.security.CustomUserDetails         : Entered Custom user details class 
2026-08-10T21:27:22.178+05:30 DEBUG 7456 --- [BankSystem] [http-nio-3030-exec-3] o.s.s.a.dao.DaoAuthenticationProvider    : Authenticated user
2026-08-10T21:27:22.178+05:30  INFO 7456 --- [BankSystem] [http-nio-3030-exec-3] c.e.BankSystem.security.JwtService       : Enter for generate token method
2026-08-10T21:27:22.278+05:30 DEBUG 7456 --- [BankSystem] [http-nio-3030-exec-3] o.s.s.w.a.AnonymousAuthenticationFilter  : Set SecurityContextHolder to anonymous SecurityContext
2026-08-10T21:28:25.491+05:30 DEBUG 7456 --- [BankSystem] [http-nio-3030-exec-4] o.s.security.web.FilterChainProxy        : Securing GET /api/v1/users/getUser
2026-08-10T21:28:25.491+05:30 DEBUG 7456 --- [BankSystem] [http-nio-3030-exec-4] o.s.s.w.a.AnonymousAuthenticationFilter  : Set SecurityContextHolder to anonymous SecurityContext
2026-08-10T21:28:25.537+05:30 DEBUG 7456 --- [BankSystem] [http-nio-3030-exec-4] o.s.s.w.s.HttpSessionRequestCache        : Saved request http://localhost:3030/api/v1/users/getUser?continue to session
2026-08-10T21:28:25.537+05:30 DEBUG 7456 --- [BankSystem] [http-nio-3030-exec-4] o.s.s.w.a.Http403ForbiddenEntryPoint     : Pre-authenticated entry point called. Rejecting access
2026-08-10T21:28:25.540+05:30 DEBUG 7456 --- [BankSystem] [http-nio-3030-exec-4] o.s.security.web.FilterChainProxy        : Securing GET /error
2026-08-10T21:28:25.548+05:30 DEBUG 7456 --- [BankSystem] [http-nio-3030-exec-4] o.s.s.w.a.AnonymousAuthenticationFilter  : Set SecurityContextHolder to anonymous SecurityContext
2026-08-10T21:28:25.548+05:30 DEBUG 7456 --- [BankSystem] [http-nio-3030-exec-4] o.s.s.w.s.HttpSessionRequestCache        : Saved request http://localhost:3030/error?continue to session
2026-08-10T21:28:25.548+05:30 DEBUG 7456 --- [BankSystem] [http-nio-3030-exec-4] o.s.s.w.a.Http403ForbiddenEntryPoint     : Pre-authenticated entry point called. Rejecting access
2026-08-10T21:35:04.647+05:30  INFO 7456 --- [BankSystem] [File Watcher] rtingClassPathChangeChangedEventListener : Restarting due to 1 class path change (1 addition, 0 deletions, 0 modifications)
2026-08-10T21:35:04.688+05:30  INFO 7456 --- [BankSystem] [Thread-5] o.s.b.w.e.tomcat.GracefulShutdown        : Commencing graceful shutdown. Waiting for active requests to complete
2026-08-10T21:35:04.734+05:30  INFO 7456 --- [BankSystem] [tomcat-shutdown] o.s.b.w.e.tomcat.GracefulShutdown        : Graceful shutdown complete
2026-08-10T21:35:04.751+05:30  INFO 7456 --- [BankSystem] [Thread-5] j.LocalContainerEntityManagerFactoryBean : Closing JPA EntityManagerFactory for persistence unit 'default'
2026-08-10T21:35:04.768+05:30  INFO 7456 --- [BankSystem] [Thread-5] com.zaxxer.hikari.HikariDataSource       : HikariPool-1 - Shutdown initiated...
2026-08-10T21:35:04.786+05:30  INFO 7456 --- [BankSystem] [Thread-5] com.zaxxer.hikari.HikariDataSource       : HikariPool-1 - Shutdown completed.
2026-08-10T21:35:05.094+05:30  INFO 7456 --- [BankSystem] [restartedMain] c.e.BankSystem.BankSystemApplication     : Starting BankSystemApplication using Java 21.0.9 with PID 7456 (C:\Users\biraj\spring boot workspace\BankSystem\target\classes started by biraj in C:\Users\biraj\spring boot workspace\BankSystem)
2026-08-10T21:35:05.095+05:30  INFO 7456 --- [BankSystem] [restartedMain] c.e.BankSystem.BankSystemApplication     : No active profile set, falling back to 1 default profile: "default"
2026-08-10T21:35:05.896+05:30  INFO 7456 --- [BankSystem] [restartedMain] .s.d.r.c.RepositoryConfigurationDelegate : Bootstrapping Spring Data JPA repositories in DEFAULT mode.
2026-08-10T21:35:05.939+05:30  INFO 7456 --- [BankSystem] [restartedMain] .s.d.r.c.RepositoryConfigurationDelegate : Finished Spring Data repository scanning in 40 ms. Found 3 JPA repository interfaces.
2026-08-10T21:35:06.153+05:30  INFO 7456 --- [BankSystem] [restartedMain] o.s.b.w.embedded.tomcat.TomcatWebServer  : Tomcat initialized with port 3030 (http)
2026-08-10T21:35:06.155+05:30  INFO 7456 --- [BankSystem] [restartedMain] o.apache.catalina.core.StandardService   : Starting service [Tomcat]
2026-08-10T21:35:06.155+05:30  INFO 7456 --- [BankSystem] [restartedMain] o.apache.catalina.core.StandardEngine    : Starting Servlet engine: [Apache Tomcat/10.1.42]
2026-08-10T21:35:06.198+05:30  INFO 7456 --- [BankSystem] [restartedMain] o.a.c.c.C.[Tomcat].[localhost].[/]       : Initializing Spring embedded WebApplicationContext
2026-08-10T21:35:06.199+05:30  INFO 7456 --- [BankSystem] [restartedMain] w.s.c.ServletWebServerApplicationContext : Root WebApplicationContext: initialization completed in 1098 ms
2026-08-10T21:35:06.254+05:30  INFO 7456 --- [BankSystem] [restartedMain] o.hibernate.jpa.internal.util.LogHelper  : HHH000204: Processing PersistenceUnitInfo [name: default]
2026-08-10T21:35:06.260+05:30  INFO 7456 --- [BankSystem] [restartedMain] o.h.c.internal.RegionFactoryInitiator    : HHH000026: Second-level cache disabled
2026-08-10T21:35:06.285+05:30  INFO 7456 --- [BankSystem] [restartedMain] o.s.o.j.p.SpringPersistenceUnitInfo      : No LoadTimeWeaver setup: ignoring JPA class transformer
2026-08-10T21:35:06.287+05:30  INFO 7456 --- [BankSystem] [restartedMain] com.zaxxer.hikari.HikariDataSource       : HikariPool-2 - Starting...
2026-08-10T21:35:06.349+05:30  INFO 7456 --- [BankSystem] [restartedMain] com.zaxxer.hikari.pool.HikariPool        : HikariPool-2 - Added connection org.postgresql.jdbc.PgConnection@50b87691
2026-08-10T21:35:06.350+05:30  INFO 7456 --- [BankSystem] [restartedMain] com.zaxxer.hikari.HikariDataSource       : HikariPool-2 - Start completed.
2026-08-10T21:35:06.369+05:30  WARN 7456 --- [BankSystem] [restartedMain] org.hibernate.orm.deprecation            : HHH90000025: PostgreSQLDialect does not need to be specified explicitly using 'hibernate.dialect' (remove the property setting and it will be selected by default)
2026-08-10T21:35:06.373+05:30  INFO 7456 --- [BankSystem] [restartedMain] org.hibernate.orm.connections.pooling    : HHH10001005: Database info:
	Database JDBC URL [Connecting through datasource 'HikariDataSource (HikariPool-2)']
	Database driver: undefined/unknown
	Database version: 18.4
	Autocommit mode: undefined/unknown
	Isolation level: undefined/unknown
	Minimum pool size: undefined/unknown
	Maximum pool size: undefined/unknown
2026-08-10T21:35:06.624+05:30  INFO 7456 --- [BankSystem] [restartedMain] o.h.e.t.j.p.i.JtaPlatformInitiator       : HHH000489: No JTA platform available (set 'hibernate.transaction.jta.platform' to enable JTA platform integration)
2026-08-10T21:35:06.963+05:30  INFO 7456 --- [BankSystem] [restartedMain] j.LocalContainerEntityManagerFactoryBean : Initialized JPA EntityManagerFactory for persistence unit 'default'
2026-08-10T21:35:07.155+05:30  INFO 7456 --- [BankSystem] [restartedMain] eAuthenticationProviderManagerConfigurer : Global AuthenticationManager configured with AuthenticationProvider bean with name authenticationProvider
2026-08-10T21:35:07.155+05:30  WARN 7456 --- [BankSystem] [restartedMain] r$InitializeUserDetailsManagerConfigurer : Global AuthenticationManager configured with an AuthenticationProvider bean. UserDetailsService beans will not be used by Spring Security for automatically configuring username/password login. Consider removing the AuthenticationProvider bean. Alternatively, consider using the UserDetailsService in a manually instantiated DaoAuthenticationProvider. If the current configuration is intentional, to turn off this warning, increase the logging level of 'org.springframework.security.config.annotation.authentication.configuration.InitializeUserDetailsBeanManagerConfigurer' to ERROR
2026-08-10T21:35:07.267+05:30  WARN 7456 --- [BankSystem] [restartedMain] JpaBaseConfiguration$JpaWebConfiguration : spring.jpa.open-in-view is enabled by default. Therefore, database queries may be performed during view rendering. Explicitly configure spring.jpa.open-in-view to disable this warning
2026-08-10T21:35:07.401+05:30 DEBUG 7456 --- [BankSystem] [restartedMain] o.s.s.web.DefaultSecurityFilterChain     : Will secure any request with filters: DisableEncodeUrlFilter, WebAsyncManagerIntegrationFilter, SecurityContextHolderFilter, HeaderWriterFilter, LogoutFilter, JwtAuthenticationFilter, RequestCacheAwareFilter, SecurityContextHolderAwareRequestFilter, AnonymousAuthenticationFilter, ExceptionTranslationFilter, AuthorizationFilter
2026-08-10T21:35:07.481+05:30  INFO 7456 --- [BankSystem] [restartedMain] o.s.b.d.a.OptionalLiveReloadServer       : LiveReload server is running on port 35729
2026-08-10T21:35:07.500+05:30  INFO 7456 --- [BankSystem] [restartedMain] o.s.b.w.embedded.tomcat.TomcatWebServer  : Tomcat started on port 3030 (http) with context path '/'
2026-08-10T21:35:07.507+05:30  INFO 7456 --- [BankSystem] [restartedMain] c.e.BankSystem.BankSystemApplication     : Started BankSystemApplication in 2.518 seconds (process running for 562.973)
2026-08-10T21:35:07.511+05:30  INFO 7456 --- [BankSystem] [restartedMain] .ConditionEvaluationDeltaLoggingListener : Condition evaluation unchanged
2026-08-10T21:35:08.923+05:30  INFO 7456 --- [BankSystem] [File Watcher] rtingClassPathChangeChangedEventListener : Restarting due to 3 class path changes (0 additions, 0 deletions, 3 modifications)
2026-08-10T21:35:08.925+05:30  INFO 7456 --- [BankSystem] [Thread-7] o.s.b.w.e.tomcat.GracefulShutdown        : Commencing graceful shutdown. Waiting for active requests to complete
2026-08-10T21:35:08.931+05:30  INFO 7456 --- [BankSystem] [tomcat-shutdown] o.s.b.w.e.tomcat.GracefulShutdown        : Graceful shutdown complete
2026-08-10T21:35:08.936+05:30  INFO 7456 --- [BankSystem] [Thread-7] j.LocalContainerEntityManagerFactoryBean : Closing JPA EntityManagerFactory for persistence unit 'default'
2026-08-10T21:35:08.936+05:30  INFO 7456 --- [BankSystem] [Thread-7] com.zaxxer.hikari.HikariDataSource       : HikariPool-2 - Shutdown initiated...
2026-08-10T21:35:08.943+05:30  INFO 7456 --- [BankSystem] [Thread-7] com.zaxxer.hikari.HikariDataSource       : HikariPool-2 - Shutdown completed.
2026-08-10T21:35:09.058+05:30  INFO 7456 --- [BankSystem] [restartedMain] c.e.BankSystem.BankSystemApplication     : Starting BankSystemApplication using Java 21.0.9 with PID 7456 (C:\Users\biraj\spring boot workspace\BankSystem\target\classes started by biraj in C:\Users\biraj\spring boot workspace\BankSystem)
2026-08-10T21:35:09.059+05:30  INFO 7456 --- [BankSystem] [restartedMain] c.e.BankSystem.BankSystemApplication     : No active profile set, falling back to 1 default profile: "default"
2026-08-10T21:35:09.360+05:30  INFO 7456 --- [BankSystem] [restartedMain] .s.d.r.c.RepositoryConfigurationDelegate : Bootstrapping Spring Data JPA repositories in DEFAULT mode.
2026-08-10T21:35:09.385+05:30  INFO 7456 --- [BankSystem] [restartedMain] .s.d.r.c.RepositoryConfigurationDelegate : Finished Spring Data repository scanning in 23 ms. Found 3 JPA repository interfaces.
2026-08-10T21:35:09.483+05:30  INFO 7456 --- [BankSystem] [restartedMain] o.s.b.w.embedded.tomcat.TomcatWebServer  : Tomcat initialized with port 3030 (http)
2026-08-10T21:35:09.484+05:30  INFO 7456 --- [BankSystem] [restartedMain] o.apache.catalina.core.StandardService   : Starting service [Tomcat]
2026-08-10T21:35:09.485+05:30  INFO 7456 --- [BankSystem] [restartedMain] o.apache.catalina.core.StandardEngine    : Starting Servlet engine: [Apache Tomcat/10.1.42]
2026-08-10T21:35:09.516+05:30  INFO 7456 --- [BankSystem] [restartedMain] o.a.c.c.C.[Tomcat].[localhost].[/]       : Initializing Spring embedded WebApplicationContext
2026-08-10T21:35:09.516+05:30  INFO 7456 --- [BankSystem] [restartedMain] w.s.c.ServletWebServerApplicationContext : Root WebApplicationContext: initialization completed in 454 ms
2026-08-10T21:35:09.574+05:30  INFO 7456 --- [BankSystem] [restartedMain] o.hibernate.jpa.internal.util.LogHelper  : HHH000204: Processing PersistenceUnitInfo [name: default]
2026-08-10T21:35:09.574+05:30  INFO 7456 --- [BankSystem] [restartedMain] o.h.c.internal.RegionFactoryInitiator    : HHH000026: Second-level cache disabled
2026-08-10T21:35:09.595+05:30  INFO 7456 --- [BankSystem] [restartedMain] o.s.o.j.p.SpringPersistenceUnitInfo      : No LoadTimeWeaver setup: ignoring JPA class transformer
2026-08-10T21:35:09.595+05:30  INFO 7456 --- [BankSystem] [restartedMain] com.zaxxer.hikari.HikariDataSource       : HikariPool-3 - Starting...
2026-08-10T21:35:09.735+05:30  INFO 7456 --- [BankSystem] [restartedMain] com.zaxxer.hikari.pool.HikariPool        : HikariPool-3 - Added connection org.postgresql.jdbc.PgConnection@49d399c6
2026-08-10T21:35:09.735+05:30  INFO 7456 --- [BankSystem] [restartedMain] com.zaxxer.hikari.HikariDataSource       : HikariPool-3 - Start completed.
2026-08-10T21:35:09.740+05:30  WARN 7456 --- [BankSystem] [restartedMain] org.hibernate.orm.deprecation            : HHH90000025: PostgreSQLDialect does not need to be specified explicitly using 'hibernate.dialect' (remove the property setting and it will be selected by default)
2026-08-10T21:35:09.751+05:30  INFO 7456 --- [BankSystem] [restartedMain] org.hibernate.orm.connections.pooling    : HHH10001005: Database info:
	Database JDBC URL [Connecting through datasource 'HikariDataSource (HikariPool-3)']
	Database driver: undefined/unknown
	Database version: 18.4
	Autocommit mode: undefined/unknown
	Isolation level: undefined/unknown
	Minimum pool size: undefined/unknown
	Maximum pool size: undefined/unknown
2026-08-10T21:35:09.908+05:30  INFO 7456 --- [BankSystem] [restartedMain] o.h.e.t.j.p.i.JtaPlatformInitiator       : HHH000489: No JTA platform available (set 'hibernate.transaction.jta.platform' to enable JTA platform integration)
2026-08-10T21:35:10.090+05:30  INFO 7456 --- [BankSystem] [restartedMain] j.LocalContainerEntityManagerFactoryBean : Initialized JPA EntityManagerFactory for persistence unit 'default'
2026-08-10T21:35:10.240+05:30  INFO 7456 --- [BankSystem] [restartedMain] eAuthenticationProviderManagerConfigurer : Global AuthenticationManager configured with AuthenticationProvider bean with name authenticationProvider
2026-08-10T21:35:10.240+05:30  WARN 7456 --- [BankSystem] [restartedMain] r$InitializeUserDetailsManagerConfigurer : Global AuthenticationManager configured with an AuthenticationProvider bean. UserDetailsService beans will not be used by Spring Security for automatically configuring username/password login. Consider removing the AuthenticationProvider bean. Alternatively, consider using the UserDetailsService in a manually instantiated DaoAuthenticationProvider. If the current configuration is intentional, to turn off this warning, increase the logging level of 'org.springframework.security.config.annotation.authentication.configuration.InitializeUserDetailsBeanManagerConfigurer' to ERROR
2026-08-10T21:35:10.340+05:30  WARN 7456 --- [BankSystem] [restartedMain] JpaBaseConfiguration$JpaWebConfiguration : spring.jpa.open-in-view is enabled by default. Therefore, database queries may be performed during view rendering. Explicitly configure spring.jpa.open-in-view to disable this warning
2026-08-10T21:35:10.440+05:30 DEBUG 7456 --- [BankSystem] [restartedMain] o.s.s.web.DefaultSecurityFilterChain     : Will secure any request with filters: DisableEncodeUrlFilter, WebAsyncManagerIntegrationFilter, SecurityContextHolderFilter, HeaderWriterFilter, LogoutFilter, JwtAuthenticationFilter, RequestCacheAwareFilter, SecurityContextHolderAwareRequestFilter, AnonymousAuthenticationFilter, ExceptionTranslationFilter, AuthorizationFilter
2026-08-10T21:35:10.504+05:30  INFO 7456 --- [BankSystem] [restartedMain] o.s.b.d.a.OptionalLiveReloadServer       : LiveReload server is running on port 35729
2026-08-10T21:35:10.507+05:30  INFO 7456 --- [BankSystem] [restartedMain] o.s.b.w.embedded.tomcat.TomcatWebServer  : Tomcat started on port 3030 (http) with context path '/'
2026-08-10T21:35:10.524+05:30  INFO 7456 --- [BankSystem] [restartedMain] c.e.BankSystem.BankSystemApplication     : Started BankSystemApplication in 1.5 seconds (process running for 565.989)
2026-08-10T21:35:10.524+05:30  INFO 7456 --- [BankSystem] [restartedMain] .ConditionEvaluationDeltaLoggingListener : Condition evaluation unchanged
2026-08-10T21:35:36.586+05:30  INFO 7456 --- [BankSystem] [File Watcher] rtingClassPathChangeChangedEventListener : Restarting due to 1 class path change (0 additions, 0 deletions, 1 modification)
2026-08-10T21:35:36.588+05:30  INFO 7456 --- [BankSystem] [Thread-11] o.s.b.w.e.tomcat.GracefulShutdown        : Commencing graceful shutdown. Waiting for active requests to complete
2026-08-10T21:35:36.594+05:30  INFO 7456 --- [BankSystem] [tomcat-shutdown] o.s.b.w.e.tomcat.GracefulShutdown        : Graceful shutdown complete
2026-08-10T21:35:36.598+05:30  INFO 7456 --- [BankSystem] [Thread-11] j.LocalContainerEntityManagerFactoryBean : Closing JPA EntityManagerFactory for persistence unit 'default'
2026-08-10T21:35:36.598+05:30  INFO 7456 --- [BankSystem] [Thread-11] com.zaxxer.hikari.HikariDataSource       : HikariPool-3 - Shutdown initiated...
2026-08-10T21:35:36.603+05:30  INFO 7456 --- [BankSystem] [Thread-11] com.zaxxer.hikari.HikariDataSource       : HikariPool-3 - Shutdown completed.
2026-08-10T21:35:36.685+05:30  INFO 7456 --- [BankSystem] [restartedMain] c.e.BankSystem.BankSystemApplication     : Starting BankSystemApplication using Java 21.0.9 with PID 7456 (C:\Users\biraj\spring boot workspace\BankSystem\target\classes started by biraj in C:\Users\biraj\spring boot workspace\BankSystem)
2026-08-10T21:35:36.685+05:30  INFO 7456 --- [BankSystem] [restartedMain] c.e.BankSystem.BankSystemApplication     : No active profile set, falling back to 1 default profile: "default"
2026-08-10T21:35:36.927+05:30  INFO 7456 --- [BankSystem] [restartedMain] .s.d.r.c.RepositoryConfigurationDelegate : Bootstrapping Spring Data JPA repositories in DEFAULT mode.
2026-08-10T21:35:36.951+05:30  INFO 7456 --- [BankSystem] [restartedMain] .s.d.r.c.RepositoryConfigurationDelegate : Finished Spring Data repository scanning in 22 ms. Found 3 JPA repository interfaces.
2026-08-10T21:35:37.049+05:30  INFO 7456 --- [BankSystem] [restartedMain] o.s.b.w.embedded.tomcat.TomcatWebServer  : Tomcat initialized with port 3030 (http)
2026-08-10T21:35:37.051+05:30  INFO 7456 --- [BankSystem] [restartedMain] o.apache.catalina.core.StandardService   : Starting service [Tomcat]
2026-08-10T21:35:37.052+05:30  INFO 7456 --- [BankSystem] [restartedMain] o.apache.catalina.core.StandardEngine    : Starting Servlet engine: [Apache Tomcat/10.1.42]
2026-08-10T21:35:37.089+05:30  INFO 7456 --- [BankSystem] [restartedMain] o.a.c.c.C.[Tomcat].[localhost].[/]       : Initializing Spring embedded WebApplicationContext
2026-08-10T21:35:37.089+05:30  INFO 7456 --- [BankSystem] [restartedMain] w.s.c.ServletWebServerApplicationContext : Root WebApplicationContext: initialization completed in 402 ms
2026-08-10T21:35:37.130+05:30  INFO 7456 --- [BankSystem] [restartedMain] o.hibernate.jpa.internal.util.LogHelper  : HHH000204: Processing PersistenceUnitInfo [name: default]
2026-08-10T21:35:37.132+05:30  INFO 7456 --- [BankSystem] [restartedMain] o.h.c.internal.RegionFactoryInitiator    : HHH000026: Second-level cache disabled
2026-08-10T21:35:37.143+05:30  INFO 7456 --- [BankSystem] [restartedMain] o.s.o.j.p.SpringPersistenceUnitInfo      : No LoadTimeWeaver setup: ignoring JPA class transformer
2026-08-10T21:35:37.144+05:30  INFO 7456 --- [BankSystem] [restartedMain] com.zaxxer.hikari.HikariDataSource       : HikariPool-4 - Starting...
2026-08-10T21:35:37.282+05:30  INFO 7456 --- [BankSystem] [restartedMain] com.zaxxer.hikari.pool.HikariPool        : HikariPool-4 - Added connection org.postgresql.jdbc.PgConnection@340b7dbe
2026-08-10T21:35:37.283+05:30  INFO 7456 --- [BankSystem] [restartedMain] com.zaxxer.hikari.HikariDataSource       : HikariPool-4 - Start completed.
2026-08-10T21:35:37.294+05:30  WARN 7456 --- [BankSystem] [restartedMain] org.hibernate.orm.deprecation            : HHH90000025: PostgreSQLDialect does not need to be specified explicitly using 'hibernate.dialect' (remove the property setting and it will be selected by default)
2026-08-10T21:35:37.297+05:30  INFO 7456 --- [BankSystem] [restartedMain] org.hibernate.orm.connections.pooling    : HHH10001005: Database info:
	Database JDBC URL [Connecting through datasource 'HikariDataSource (HikariPool-4)']
	Database driver: undefined/unknown
	Database version: 18.4
	Autocommit mode: undefined/unknown
	Isolation level: undefined/unknown
	Minimum pool size: undefined/unknown
	Maximum pool size: undefined/unknown
2026-08-10T21:35:37.439+05:30  INFO 7456 --- [BankSystem] [restartedMain] o.h.e.t.j.p.i.JtaPlatformInitiator       : HHH000489: No JTA platform available (set 'hibernate.transaction.jta.platform' to enable JTA platform integration)
2026-08-10T21:35:37.654+05:30  INFO 7456 --- [BankSystem] [restartedMain] j.LocalContainerEntityManagerFactoryBean : Initialized JPA EntityManagerFactory for persistence unit 'default'
2026-08-10T21:35:37.771+05:30  INFO 7456 --- [BankSystem] [restartedMain] eAuthenticationProviderManagerConfigurer : Global AuthenticationManager configured with AuthenticationProvider bean with name authenticationProvider
2026-08-10T21:35:37.771+05:30  WARN 7456 --- [BankSystem] [restartedMain] r$InitializeUserDetailsManagerConfigurer : Global AuthenticationManager configured with an AuthenticationProvider bean. UserDetailsService beans will not be used by Spring Security for automatically configuring username/password login. Consider removing the AuthenticationProvider bean. Alternatively, consider using the UserDetailsService in a manually instantiated DaoAuthenticationProvider. If the current configuration is intentional, to turn off this warning, increase the logging level of 'org.springframework.security.config.annotation.authentication.configuration.InitializeUserDetailsBeanManagerConfigurer' to ERROR
2026-08-10T21:35:37.820+05:30  WARN 7456 --- [BankSystem] [restartedMain] JpaBaseConfiguration$JpaWebConfiguration : spring.jpa.open-in-view is enabled by default. Therefore, database queries may be performed during view rendering. Explicitly configure spring.jpa.open-in-view to disable this warning
2026-08-10T21:35:37.883+05:30 DEBUG 7456 --- [BankSystem] [restartedMain] o.s.s.web.DefaultSecurityFilterChain     : Will secure any request with filters: DisableEncodeUrlFilter, WebAsyncManagerIntegrationFilter, SecurityContextHolderFilter, HeaderWriterFilter, LogoutFilter, JwtAuthenticationFilter, RequestCacheAwareFilter, SecurityContextHolderAwareRequestFilter, AnonymousAuthenticationFilter, ExceptionTranslationFilter, AuthorizationFilter
2026-08-10T21:35:37.939+05:30  INFO 7456 --- [BankSystem] [restartedMain] o.s.b.d.a.OptionalLiveReloadServer       : LiveReload server is running on port 35729
2026-08-10T21:35:37.950+05:30  INFO 7456 --- [BankSystem] [restartedMain] o.s.b.w.embedded.tomcat.TomcatWebServer  : Tomcat started on port 3030 (http) with context path '/'
2026-08-10T21:35:37.953+05:30  INFO 7456 --- [BankSystem] [restartedMain] c.e.BankSystem.BankSystemApplication     : Started BankSystemApplication in 1.286 seconds (process running for 593.419)
2026-08-10T21:35:37.956+05:30  INFO 7456 --- [BankSystem] [restartedMain] .ConditionEvaluationDeltaLoggingListener : Condition evaluation unchanged
2026-08-10T21:47:04.339+05:30  INFO 20940 --- [BankSystem] [restartedMain] c.e.BankSystem.BankSystemApplication     : Starting BankSystemApplication using Java 21.0.9 with PID 20940 (C:\Users\biraj\spring boot workspace\BankSystem\target\classes started by biraj in C:\Users\biraj\spring boot workspace\BankSystem)
2026-08-10T21:47:04.341+05:30  INFO 20940 --- [BankSystem] [restartedMain] c.e.BankSystem.BankSystemApplication     : No active profile set, falling back to 1 default profile: "default"
2026-08-10T21:47:04.434+05:30  INFO 20940 --- [BankSystem] [restartedMain] .e.DevToolsPropertyDefaultsPostProcessor : Devtools property defaults active! Set 'spring.devtools.add-properties' to 'false' to disable
2026-08-10T21:47:04.435+05:30  INFO 20940 --- [BankSystem] [restartedMain] .e.DevToolsPropertyDefaultsPostProcessor : For additional web related logging consider setting the 'logging.level.web' property to 'DEBUG'
2026-08-10T21:47:06.166+05:30  INFO 20940 --- [BankSystem] [restartedMain] .s.d.r.c.RepositoryConfigurationDelegate : Bootstrapping Spring Data JPA repositories in DEFAULT mode.
2026-08-10T21:47:06.273+05:30  INFO 20940 --- [BankSystem] [restartedMain] .s.d.r.c.RepositoryConfigurationDelegate : Finished Spring Data repository scanning in 90 ms. Found 3 JPA repository interfaces.
2026-08-10T21:47:07.507+05:30  INFO 20940 --- [BankSystem] [restartedMain] o.s.b.w.embedded.tomcat.TomcatWebServer  : Tomcat initialized with port 3030 (http)
2026-08-10T21:47:07.527+05:30  INFO 20940 --- [BankSystem] [restartedMain] o.apache.catalina.core.StandardService   : Starting service [Tomcat]
2026-08-10T21:47:07.530+05:30  INFO 20940 --- [BankSystem] [restartedMain] o.apache.catalina.core.StandardEngine    : Starting Servlet engine: [Apache Tomcat/10.1.42]
2026-08-10T21:47:07.619+05:30  INFO 20940 --- [BankSystem] [restartedMain] o.a.c.c.C.[Tomcat].[localhost].[/]       : Initializing Spring embedded WebApplicationContext
2026-08-10T21:47:07.620+05:30  INFO 20940 --- [BankSystem] [restartedMain] w.s.c.ServletWebServerApplicationContext : Root WebApplicationContext: initialization completed in 3185 ms
2026-08-10T21:47:07.954+05:30  INFO 20940 --- [BankSystem] [restartedMain] o.hibernate.jpa.internal.util.LogHelper  : HHH000204: Processing PersistenceUnitInfo [name: default]
2026-08-10T21:47:08.057+05:30  INFO 20940 --- [BankSystem] [restartedMain] org.hibernate.Version                    : HHH000412: Hibernate ORM core version 6.6.18.Final
2026-08-10T21:47:08.107+05:30  INFO 20940 --- [BankSystem] [restartedMain] o.h.c.internal.RegionFactoryInitiator    : HHH000026: Second-level cache disabled
2026-08-10T21:47:08.532+05:30  INFO 20940 --- [BankSystem] [restartedMain] o.s.o.j.p.SpringPersistenceUnitInfo      : No LoadTimeWeaver setup: ignoring JPA class transformer
2026-08-10T21:47:08.566+05:30  INFO 20940 --- [BankSystem] [restartedMain] com.zaxxer.hikari.HikariDataSource       : HikariPool-1 - Starting...
2026-08-10T21:47:08.946+05:30  INFO 20940 --- [BankSystem] [restartedMain] com.zaxxer.hikari.pool.HikariPool        : HikariPool-1 - Added connection org.postgresql.jdbc.PgConnection@43dd4569
2026-08-10T21:47:08.948+05:30  INFO 20940 --- [BankSystem] [restartedMain] com.zaxxer.hikari.HikariDataSource       : HikariPool-1 - Start completed.
2026-08-10T21:47:09.016+05:30  WARN 20940 --- [BankSystem] [restartedMain] org.hibernate.orm.deprecation            : HHH90000025: PostgreSQLDialect does not need to be specified explicitly using 'hibernate.dialect' (remove the property setting and it will be selected by default)
2026-08-10T21:47:09.042+05:30  INFO 20940 --- [BankSystem] [restartedMain] org.hibernate.orm.connections.pooling    : HHH10001005: Database info:
	Database JDBC URL [Connecting through datasource 'HikariDataSource (HikariPool-1)']
	Database driver: undefined/unknown
	Database version: 18.4
	Autocommit mode: undefined/unknown
	Isolation level: undefined/unknown
	Minimum pool size: undefined/unknown
	Maximum pool size: undefined/unknown
2026-08-10T21:47:10.427+05:30  INFO 20940 --- [BankSystem] [restartedMain] o.h.e.t.j.p.i.JtaPlatformInitiator       : HHH000489: No JTA platform available (set 'hibernate.transaction.jta.platform' to enable JTA platform integration)
2026-08-10T21:47:10.696+05:30  INFO 20940 --- [BankSystem] [restartedMain] j.LocalContainerEntityManagerFactoryBean : Initialized JPA EntityManagerFactory for persistence unit 'default'
2026-08-10T21:47:11.459+05:30  INFO 20940 --- [BankSystem] [restartedMain] eAuthenticationProviderManagerConfigurer : Global AuthenticationManager configured with AuthenticationProvider bean with name authenticationProvider
2026-08-10T21:47:11.460+05:30  WARN 20940 --- [BankSystem] [restartedMain] r$InitializeUserDetailsManagerConfigurer : Global AuthenticationManager configured with an AuthenticationProvider bean. UserDetailsService beans will not be used by Spring Security for automatically configuring username/password login. Consider removing the AuthenticationProvider bean. Alternatively, consider using the UserDetailsService in a manually instantiated DaoAuthenticationProvider. If the current configuration is intentional, to turn off this warning, increase the logging level of 'org.springframework.security.config.annotation.authentication.configuration.InitializeUserDetailsBeanManagerConfigurer' to ERROR
2026-08-10T21:47:11.537+05:30  INFO 20940 --- [BankSystem] [restartedMain] o.s.d.j.r.query.QueryEnhancerFactory     : Hibernate is in classpath; If applicable, HQL parser will be used.
2026-08-10T21:47:13.050+05:30  WARN 20940 --- [BankSystem] [restartedMain] JpaBaseConfiguration$JpaWebConfiguration : spring.jpa.open-in-view is enabled by default. Therefore, database queries may be performed during view rendering. Explicitly configure spring.jpa.open-in-view to disable this warning
2026-08-10T21:47:13.845+05:30 DEBUG 20940 --- [BankSystem] [restartedMain] o.s.s.web.DefaultSecurityFilterChain     : Will secure any request with filters: DisableEncodeUrlFilter, WebAsyncManagerIntegrationFilter, SecurityContextHolderFilter, HeaderWriterFilter, LogoutFilter, JwtAuthenticationFilter, RequestCacheAwareFilter, SecurityContextHolderAwareRequestFilter, AnonymousAuthenticationFilter, ExceptionTranslationFilter, AuthorizationFilter
2026-08-10T21:47:14.236+05:30  INFO 20940 --- [BankSystem] [restartedMain] o.s.b.d.a.OptionalLiveReloadServer       : LiveReload server is running on port 35729
2026-08-10T21:47:14.283+05:30  INFO 20940 --- [BankSystem] [restartedMain] o.s.b.w.embedded.tomcat.TomcatWebServer  : Tomcat started on port 3030 (http) with context path '/'
2026-08-10T21:47:14.295+05:30  INFO 20940 --- [BankSystem] [restartedMain] c.e.BankSystem.BankSystemApplication     : Started BankSystemApplication in 10.65 seconds (process running for 11.315)
2026-08-10T21:47:20.637+05:30  INFO 20940 --- [BankSystem] [http-nio-3030-exec-1] o.a.c.c.C.[Tomcat].[localhost].[/]       : Initializing Spring DispatcherServlet 'dispatcherServlet'
2026-08-10T21:47:20.637+05:30  INFO 20940 --- [BankSystem] [http-nio-3030-exec-1] o.s.web.servlet.DispatcherServlet        : Initializing Servlet 'dispatcherServlet'
2026-08-10T21:47:20.638+05:30  INFO 20940 --- [BankSystem] [http-nio-3030-exec-1] o.s.web.servlet.DispatcherServlet        : Completed initialization in 0 ms
2026-08-10T21:47:20.665+05:30 DEBUG 20940 --- [BankSystem] [http-nio-3030-exec-1] o.s.security.web.FilterChainProxy        : Securing GET /swagger-ui/index.html
2026-08-10T21:47:20.677+05:30 DEBUG 20940 --- [BankSystem] [http-nio-3030-exec-1] o.s.security.web.FilterChainProxy        : Secured GET /swagger-ui/index.html
2026-08-10T21:47:20.719+05:30 DEBUG 20940 --- [BankSystem] [http-nio-3030-exec-1] o.s.s.w.a.AnonymousAuthenticationFilter  : Set SecurityContextHolder to anonymous SecurityContext
2026-08-10T21:47:20.766+05:30 DEBUG 20940 --- [BankSystem] [http-nio-3030-exec-2] o.s.security.web.FilterChainProxy        : Securing GET /swagger-ui/swagger-ui.css
2026-08-10T21:47:20.766+05:30 DEBUG 20940 --- [BankSystem] [http-nio-3030-exec-2] o.s.security.web.FilterChainProxy        : Secured GET /swagger-ui/swagger-ui.css
2026-08-10T21:47:20.769+05:30 DEBUG 20940 --- [BankSystem] [http-nio-3030-exec-5] o.s.security.web.FilterChainProxy        : Securing GET /swagger-ui/index.css
2026-08-10T21:47:20.770+05:30 DEBUG 20940 --- [BankSystem] [http-nio-3030-exec-5] o.s.security.web.FilterChainProxy        : Secured GET /swagger-ui/index.css
2026-08-10T21:47:20.771+05:30 DEBUG 20940 --- [BankSystem] [http-nio-3030-exec-8] o.s.security.web.FilterChainProxy        : Securing GET /swagger-ui/swagger-initializer.js
2026-08-10T21:47:20.772+05:30 DEBUG 20940 --- [BankSystem] [http-nio-3030-exec-4] o.s.security.web.FilterChainProxy        : Securing GET /swagger-ui/swagger-ui-bundle.js
2026-08-10T21:47:20.772+05:30 DEBUG 20940 --- [BankSystem] [http-nio-3030-exec-8] o.s.security.web.FilterChainProxy        : Secured GET /swagger-ui/swagger-initializer.js
2026-08-10T21:47:20.772+05:30 DEBUG 20940 --- [BankSystem] [http-nio-3030-exec-4] o.s.security.web.FilterChainProxy        : Secured GET /swagger-ui/swagger-ui-bundle.js
2026-08-10T21:47:20.772+05:30 DEBUG 20940 --- [BankSystem] [http-nio-3030-exec-3] o.s.security.web.FilterChainProxy        : Securing GET /swagger-ui/swagger-ui-standalone-preset.js
2026-08-10T21:47:20.776+05:30 DEBUG 20940 --- [BankSystem] [http-nio-3030-exec-3] o.s.security.web.FilterChainProxy        : Secured GET /swagger-ui/swagger-ui-standalone-preset.js
2026-08-10T21:47:20.780+05:30 DEBUG 20940 --- [BankSystem] [http-nio-3030-exec-5] o.s.s.w.a.AnonymousAuthenticationFilter  : Set SecurityContextHolder to anonymous SecurityContext
2026-08-10T21:47:20.780+05:30 DEBUG 20940 --- [BankSystem] [http-nio-3030-exec-2] o.s.s.w.a.AnonymousAuthenticationFilter  : Set SecurityContextHolder to anonymous SecurityContext
2026-08-10T21:47:20.790+05:30 DEBUG 20940 --- [BankSystem] [http-nio-3030-exec-3] o.s.s.w.a.AnonymousAuthenticationFilter  : Set SecurityContextHolder to anonymous SecurityContext
2026-08-10T21:47:20.808+05:30 DEBUG 20940 --- [BankSystem] [http-nio-3030-exec-4] o.s.s.w.a.AnonymousAuthenticationFilter  : Set SecurityContextHolder to anonymous SecurityContext
2026-08-10T21:47:20.830+05:30 DEBUG 20940 --- [BankSystem] [http-nio-3030-exec-8] o.s.s.w.a.AnonymousAuthenticationFilter  : Set SecurityContextHolder to anonymous SecurityContext
2026-08-10T21:47:20.956+05:30 DEBUG 20940 --- [BankSystem] [http-nio-3030-exec-7] o.s.security.web.FilterChainProxy        : Securing GET /v3/api-docs/swagger-config
2026-08-10T21:47:20.957+05:30 DEBUG 20940 --- [BankSystem] [http-nio-3030-exec-7] o.s.security.web.FilterChainProxy        : Secured GET /v3/api-docs/swagger-config
2026-08-10T21:47:20.958+05:30 DEBUG 20940 --- [BankSystem] [http-nio-3030-exec-6] o.s.security.web.FilterChainProxy        : Securing GET /swagger-ui/favicon-32x32.png
2026-08-10T21:47:20.958+05:30 DEBUG 20940 --- [BankSystem] [http-nio-3030-exec-6] o.s.security.web.FilterChainProxy        : Secured GET /swagger-ui/favicon-32x32.png
2026-08-10T21:47:20.964+05:30 DEBUG 20940 --- [BankSystem] [http-nio-3030-exec-6] o.s.s.w.a.AnonymousAuthenticationFilter  : Set SecurityContextHolder to anonymous SecurityContext
2026-08-10T21:47:21.008+05:30 DEBUG 20940 --- [BankSystem] [http-nio-3030-exec-7] o.s.s.w.a.AnonymousAuthenticationFilter  : Set SecurityContextHolder to anonymous SecurityContext
2026-08-10T21:47:21.020+05:30 DEBUG 20940 --- [BankSystem] [http-nio-3030-exec-10] o.s.security.web.FilterChainProxy        : Securing GET /v3/api-docs
2026-08-10T21:47:21.020+05:30 DEBUG 20940 --- [BankSystem] [http-nio-3030-exec-10] o.s.security.web.FilterChainProxy        : Secured GET /v3/api-docs
2026-08-10T21:47:21.929+05:30  INFO 20940 --- [BankSystem] [http-nio-3030-exec-10] o.springdoc.api.AbstractOpenApiResource  : Init duration for springdoc-openapi is: 892 ms
2026-08-10T21:47:21.995+05:30 DEBUG 20940 --- [BankSystem] [http-nio-3030-exec-10] o.s.s.w.a.AnonymousAuthenticationFilter  : Set SecurityContextHolder to anonymous SecurityContext
2026-08-10T21:47:52.303+05:30 DEBUG 20940 --- [BankSystem] [http-nio-3030-exec-9] o.s.security.web.FilterChainProxy        : Securing POST /api/v1/auth/login
2026-08-10T21:47:52.304+05:30 DEBUG 20940 --- [BankSystem] [http-nio-3030-exec-9] o.s.security.web.FilterChainProxy        : Secured POST /api/v1/auth/login
2026-08-10T21:47:52.327+05:30  INFO 20940 --- [BankSystem] [http-nio-3030-exec-9] c.e.B.controller.AuthController          : Enter auth controller
2026-08-10T21:47:52.417+05:30  INFO 20940 --- [BankSystem] [http-nio-3030-exec-9] c.e.B.security.CustomUserDetailsService  : load User By Username for
2026-08-10T21:47:52.596+05:30 DEBUG 20940 --- [BankSystem] [http-nio-3030-exec-9] org.hibernate.SQL                        : 
    select
        ue1_0.id,
        ue1_0.active,
        ue1_0.email,
        ue1_0.mobile,
        ue1_0.name,
        ue1_0.password,
        ue1_0.role 
    from
        users ue1_0 
    where
        ue1_0.email=?
2026-08-10T21:47:52.656+05:30  INFO 20940 --- [BankSystem] [http-nio-3030-exec-9] c.e.B.security.CustomUserDetailsService  : Mail of user rohit@gmail.com
2026-08-10T21:47:52.656+05:30  INFO 20940 --- [BankSystem] [http-nio-3030-exec-9] c.e.B.security.CustomUserDetails         : Entered Custom user details class 
2026-08-10T21:47:52.725+05:30 DEBUG 20940 --- [BankSystem] [http-nio-3030-exec-9] o.s.s.a.dao.DaoAuthenticationProvider    : Authenticated user
2026-08-10T21:47:52.725+05:30  INFO 20940 --- [BankSystem] [http-nio-3030-exec-9] c.e.BankSystem.security.JwtService       : Enter for generate token method
2026-08-10T21:47:52.851+05:30 DEBUG 20940 --- [BankSystem] [http-nio-3030-exec-9] o.s.s.w.a.AnonymousAuthenticationFilter  : Set SecurityContextHolder to anonymous SecurityContext
2026-08-10T21:48:48.664+05:30 DEBUG 20940 --- [BankSystem] [http-nio-3030-exec-4] o.s.security.web.FilterChainProxy        : Securing GET /api/v1/users/getUser
2026-08-10T21:48:48.665+05:30 DEBUG 20940 --- [BankSystem] [http-nio-3030-exec-4] o.s.s.w.a.AnonymousAuthenticationFilter  : Set SecurityContextHolder to anonymous SecurityContext
2026-08-10T21:48:48.694+05:30 DEBUG 20940 --- [BankSystem] [http-nio-3030-exec-4] o.s.s.w.s.HttpSessionRequestCache        : Saved request http://localhost:3030/api/v1/users/getUser?continue to session
2026-08-10T21:48:48.695+05:30 DEBUG 20940 --- [BankSystem] [http-nio-3030-exec-4] o.s.s.w.a.Http403ForbiddenEntryPoint     : Pre-authenticated entry point called. Rejecting access
2026-08-10T21:48:48.765+05:30 DEBUG 20940 --- [BankSystem] [http-nio-3030-exec-4] o.s.security.web.FilterChainProxy        : Securing GET /error
2026-08-10T21:48:48.767+05:30 DEBUG 20940 --- [BankSystem] [http-nio-3030-exec-4] o.s.s.w.a.AnonymousAuthenticationFilter  : Set SecurityContextHolder to anonymous SecurityContext
2026-08-10T21:48:48.767+05:30 DEBUG 20940 --- [BankSystem] [http-nio-3030-exec-4] o.s.s.w.s.HttpSessionRequestCache        : Saved request http://localhost:3030/error?continue to session
2026-08-10T21:48:48.767+05:30 DEBUG 20940 --- [BankSystem] [http-nio-3030-exec-4] o.s.s.w.a.Http403ForbiddenEntryPoint     : Pre-authenticated entry point called. Rejecting access
2026-08-10T21:49:07.258+05:30 DEBUG 20940 --- [BankSystem] [http-nio-3030-exec-8] o.s.security.web.FilterChainProxy        : Securing GET /api/v1/users/getUser
2026-08-10T21:49:07.258+05:30 DEBUG 20940 --- [BankSystem] [http-nio-3030-exec-8] o.s.s.w.a.AnonymousAuthenticationFilter  : Set SecurityContextHolder to anonymous SecurityContext
2026-08-10T21:49:07.265+05:30 DEBUG 20940 --- [BankSystem] [http-nio-3030-exec-8] o.s.s.w.s.HttpSessionRequestCache        : Saved request http://localhost:3030/api/v1/users/getUser?continue to session
2026-08-10T21:49:07.266+05:30 DEBUG 20940 --- [BankSystem] [http-nio-3030-exec-8] o.s.s.w.a.Http403ForbiddenEntryPoint     : Pre-authenticated entry point called. Rejecting access
2026-08-10T21:49:07.266+05:30 DEBUG 20940 --- [BankSystem] [http-nio-3030-exec-8] o.s.security.web.FilterChainProxy        : Securing GET /error
2026-08-10T21:49:07.266+05:30 DEBUG 20940 --- [BankSystem] [http-nio-3030-exec-8] o.s.s.w.a.AnonymousAuthenticationFilter  : Set SecurityContextHolder to anonymous SecurityContext
2026-08-10T21:49:07.266+05:30 DEBUG 20940 --- [BankSystem] [http-nio-3030-exec-8] o.s.s.w.s.HttpSessionRequestCache        : Saved request http://localhost:3030/error?continue to session
2026-08-10T21:49:07.266+05:30 DEBUG 20940 --- [BankSystem] [http-nio-3030-exec-8] o.s.s.w.a.Http403ForbiddenEntryPoint     : Pre-authenticated entry point called. Rejecting access
2026-08-10T21:49:55.184+05:30 DEBUG 20940 --- [BankSystem] [http-nio-3030-exec-6] o.s.security.web.FilterChainProxy        : Securing GET /api/v1/users/getUser
2026-08-10T21:49:55.185+05:30 DEBUG 20940 --- [BankSystem] [http-nio-3030-exec-6] o.s.s.w.a.AnonymousAuthenticationFilter  : Set SecurityContextHolder to anonymous SecurityContext
2026-08-10T21:49:55.185+05:30 DEBUG 20940 --- [BankSystem] [http-nio-3030-exec-6] o.s.s.w.s.HttpSessionRequestCache        : Saved request http://localhost:3030/api/v1/users/getUser?continue to session
2026-08-10T21:49:55.185+05:30 DEBUG 20940 --- [BankSystem] [http-nio-3030-exec-6] o.s.s.w.a.Http403ForbiddenEntryPoint     : Pre-authenticated entry point called. Rejecting access
2026-08-10T21:49:55.185+05:30 DEBUG 20940 --- [BankSystem] [http-nio-3030-exec-6] o.s.security.web.FilterChainProxy        : Securing GET /error
2026-08-10T21:49:55.185+05:30 DEBUG 20940 --- [BankSystem] [http-nio-3030-exec-6] o.s.s.w.a.AnonymousAuthenticationFilter  : Set SecurityContextHolder to anonymous SecurityContext
2026-08-10T21:49:55.192+05:30 DEBUG 20940 --- [BankSystem] [http-nio-3030-exec-6] o.s.s.w.s.HttpSessionRequestCache        : Saved request http://localhost:3030/error?continue to session
2026-08-10T21:49:55.192+05:30 DEBUG 20940 --- [BankSystem] [http-nio-3030-exec-6] o.s.s.w.a.Http403ForbiddenEntryPoint     : Pre-authenticated entry point called. Rejecting access
2026-08-10T21:50:21.665+05:30 DEBUG 20940 --- [BankSystem] [http-nio-3030-exec-7] o.s.security.web.FilterChainProxy        : Securing GET /api/v1/admin/1/accounts
2026-08-10T21:50:21.665+05:30 DEBUG 20940 --- [BankSystem] [http-nio-3030-exec-7] o.s.s.w.a.AnonymousAuthenticationFilter  : Set SecurityContextHolder to anonymous SecurityContext
2026-08-10T21:50:21.665+05:30 DEBUG 20940 --- [BankSystem] [http-nio-3030-exec-7] o.s.s.w.s.HttpSessionRequestCache        : Saved request http://localhost:3030/api/v1/admin/1/accounts?continue to session
2026-08-10T21:50:21.665+05:30 DEBUG 20940 --- [BankSystem] [http-nio-3030-exec-7] o.s.s.w.a.Http403ForbiddenEntryPoint     : Pre-authenticated entry point called. Rejecting access
2026-08-10T21:50:21.665+05:30 DEBUG 20940 --- [BankSystem] [http-nio-3030-exec-7] o.s.security.web.FilterChainProxy        : Securing GET /error
2026-08-10T21:50:21.665+05:30 DEBUG 20940 --- [BankSystem] [http-nio-3030-exec-7] o.s.s.w.a.AnonymousAuthenticationFilter  : Set SecurityContextHolder to anonymous SecurityContext
2026-08-10T21:50:21.665+05:30 DEBUG 20940 --- [BankSystem] [http-nio-3030-exec-7] o.s.s.w.s.HttpSessionRequestCache        : Saved request http://localhost:3030/error?continue to session
2026-08-10T21:50:21.665+05:30 DEBUG 20940 --- [BankSystem] [http-nio-3030-exec-7] o.s.s.w.a.Http403ForbiddenEntryPoint     : Pre-authenticated entry point called. Rejecting access
2026-08-10T21:50:26.295+05:30 DEBUG 20940 --- [BankSystem] [http-nio-3030-exec-10] o.s.security.web.FilterChainProxy        : Securing GET /api/v1/admin/1/accounts
2026-08-10T21:50:26.295+05:30 DEBUG 20940 --- [BankSystem] [http-nio-3030-exec-10] o.s.s.w.a.AnonymousAuthenticationFilter  : Set SecurityContextHolder to anonymous SecurityContext
2026-08-10T21:50:26.295+05:30 DEBUG 20940 --- [BankSystem] [http-nio-3030-exec-10] o.s.s.w.s.HttpSessionRequestCache        : Saved request http://localhost:3030/api/v1/admin/1/accounts?continue to session
2026-08-10T21:50:26.295+05:30 DEBUG 20940 --- [BankSystem] [http-nio-3030-exec-10] o.s.s.w.a.Http403ForbiddenEntryPoint     : Pre-authenticated entry point called. Rejecting access
2026-08-10T21:50:26.304+05:30 DEBUG 20940 --- [BankSystem] [http-nio-3030-exec-10] o.s.security.web.FilterChainProxy        : Securing GET /error
2026-08-10T21:50:26.305+05:30 DEBUG 20940 --- [BankSystem] [http-nio-3030-exec-10] o.s.s.w.a.AnonymousAuthenticationFilter  : Set SecurityContextHolder to anonymous SecurityContext
2026-08-10T21:50:26.306+05:30 DEBUG 20940 --- [BankSystem] [http-nio-3030-exec-10] o.s.s.w.s.HttpSessionRequestCache        : Saved request http://localhost:3030/error?continue to session
2026-08-10T21:50:26.306+05:30 DEBUG 20940 --- [BankSystem] [http-nio-3030-exec-10] o.s.s.w.a.Http403ForbiddenEntryPoint     : Pre-authenticated entry point called. Rejecting access
2026-08-10T21:52:10.472+05:30 DEBUG 20940 --- [BankSystem] [http-nio-3030-exec-1] o.s.security.web.FilterChainProxy        : Securing GET /api/v1/admin/12/accounts
2026-08-10T21:52:10.476+05:30 DEBUG 20940 --- [BankSystem] [http-nio-3030-exec-1] o.s.s.w.a.AnonymousAuthenticationFilter  : Set SecurityContextHolder to anonymous SecurityContext
2026-08-10T21:52:10.477+05:30 DEBUG 20940 --- [BankSystem] [http-nio-3030-exec-1] o.s.s.w.s.HttpSessionRequestCache        : Saved request http://localhost:3030/api/v1/admin/12/accounts?continue to session
2026-08-10T21:52:10.477+05:30 DEBUG 20940 --- [BankSystem] [http-nio-3030-exec-1] o.s.s.w.a.Http403ForbiddenEntryPoint     : Pre-authenticated entry point called. Rejecting access
2026-08-10T21:52:10.480+05:30 DEBUG 20940 --- [BankSystem] [http-nio-3030-exec-1] o.s.security.web.FilterChainProxy        : Securing GET /error
2026-08-10T21:52:10.480+05:30 DEBUG 20940 --- [BankSystem] [http-nio-3030-exec-1] o.s.s.w.a.AnonymousAuthenticationFilter  : Set SecurityContextHolder to anonymous SecurityContext
2026-08-10T21:52:10.480+05:30 DEBUG 20940 --- [BankSystem] [http-nio-3030-exec-1] o.s.s.w.s.HttpSessionRequestCache        : Saved request http://localhost:3030/error?continue to session
2026-08-10T21:52:10.480+05:30 DEBUG 20940 --- [BankSystem] [http-nio-3030-exec-1] o.s.s.w.a.Http403ForbiddenEntryPoint     : Pre-authenticated entry point called. Rejecting access
2026-08-10T21:53:24.424+05:30 DEBUG 20940 --- [BankSystem] [http-nio-3030-exec-3] o.s.security.web.FilterChainProxy        : Securing GET /api/v1/accounts/745536941665
2026-08-10T21:53:24.546+05:30  INFO 20940 --- [BankSystem] [http-nio-3030-exec-3] c.e.B.security.CustomUserDetailsService  : load User By Username for
2026-08-10T21:53:24.669+05:30 DEBUG 20940 --- [BankSystem] [http-nio-3030-exec-3] org.hibernate.SQL                        : 
    select
        ue1_0.id,
        ue1_0.active,
        ue1_0.email,
        ue1_0.mobile,
        ue1_0.name,
        ue1_0.password,
        ue1_0.role 
    from
        users ue1_0 
    where
        ue1_0.email=?
2026-08-10T21:53:24.675+05:30  INFO 20940 --- [BankSystem] [http-nio-3030-exec-3] c.e.B.security.CustomUserDetailsService  : Mail of user rohit@gmail.com
2026-08-10T21:53:24.676+05:30  INFO 20940 --- [BankSystem] [http-nio-3030-exec-3] c.e.B.security.CustomUserDetails         : Entered Custom user details class 
2026-08-10T21:53:24.680+05:30 DEBUG 20940 --- [BankSystem] [http-nio-3030-exec-3] o.s.security.web.FilterChainProxy        : Secured GET /api/v1/accounts/745536941665
2026-08-10T21:53:24.682+05:30  INFO 20940 --- [BankSystem] [http-nio-3030-exec-3] c.e.B.service.AccountServiceImpl         : Fetching account with account number: 745536941665
2026-08-10T21:53:24.687+05:30 DEBUG 20940 --- [BankSystem] [http-nio-3030-exec-3] org.hibernate.SQL                        : 
    select
        ae1_0.account_id,
        ae1_0.account_number,
        ae1_0.balance,
        ae1_0.status,
        ae1_0.user_id 
    from
        account ae1_0 
    where
        ae1_0.account_number=?
2026-08-10T21:53:24.711+05:30 DEBUG 20940 --- [BankSystem] [http-nio-3030-exec-3] org.hibernate.SQL                        : 
    select
        ue1_0.id,
        ue1_0.active,
        ue1_0.email,
        ue1_0.mobile,
        ue1_0.name,
        ue1_0.password,
        ue1_0.role 
    from
        users ue1_0 
    where
        ue1_0.id=?
2026-08-10T21:53:24.721+05:30  WARN 20940 --- [BankSystem] [http-nio-3030-exec-3] .m.m.a.ExceptionHandlerExceptionResolver : Resolved [com.example.BankSystem.exception.AccessDeniedException: You are not allowed to access this account ]
2026-08-10T21:54:07.290+05:30 DEBUG 20940 --- [BankSystem] [http-nio-3030-exec-8] o.s.security.web.FilterChainProxy        : Securing GET /api/v1/admin/12/accounts
2026-08-10T21:54:07.292+05:30  INFO 20940 --- [BankSystem] [http-nio-3030-exec-8] c.e.B.security.CustomUserDetailsService  : load User By Username for
2026-08-10T21:54:07.295+05:30 DEBUG 20940 --- [BankSystem] [http-nio-3030-exec-8] org.hibernate.SQL                        : 
    select
        ue1_0.id,
        ue1_0.active,
        ue1_0.email,
        ue1_0.mobile,
        ue1_0.name,
        ue1_0.password,
        ue1_0.role 
    from
        users ue1_0 
    where
        ue1_0.email=?
2026-08-10T21:54:07.297+05:30  INFO 20940 --- [BankSystem] [http-nio-3030-exec-8] c.e.B.security.CustomUserDetailsService  : Mail of user rohit@gmail.com
2026-08-10T21:54:07.298+05:30  INFO 20940 --- [BankSystem] [http-nio-3030-exec-8] c.e.B.security.CustomUserDetails         : Entered Custom user details class 
2026-08-10T21:54:07.300+05:30 DEBUG 20940 --- [BankSystem] [http-nio-3030-exec-8] o.s.s.w.access.AccessDeniedHandlerImpl   : Responding with 403 status code
2026-08-10T21:54:07.301+05:30 DEBUG 20940 --- [BankSystem] [http-nio-3030-exec-8] o.s.security.web.FilterChainProxy        : Securing GET /error
2026-08-10T21:54:07.302+05:30 DEBUG 20940 --- [BankSystem] [http-nio-3030-exec-8] o.s.s.w.a.AnonymousAuthenticationFilter  : Set SecurityContextHolder to anonymous SecurityContext
2026-08-10T21:54:07.304+05:30 DEBUG 20940 --- [BankSystem] [http-nio-3030-exec-8] o.s.s.w.s.HttpSessionRequestCache        : Saved request http://localhost:3030/error?continue to session
2026-08-10T21:54:07.304+05:30 DEBUG 20940 --- [BankSystem] [http-nio-3030-exec-8] o.s.s.w.a.Http403ForbiddenEntryPoint     : Pre-authenticated entry point called. Rejecting access
2026-08-10T21:54:44.023+05:30 DEBUG 20940 --- [BankSystem] [http-nio-3030-exec-6] o.s.security.web.FilterChainProxy        : Securing GET /api/v1/admin/12/accounts
2026-08-10T21:54:44.024+05:30  INFO 20940 --- [BankSystem] [http-nio-3030-exec-6] c.e.B.security.CustomUserDetailsService  : load User By Username for
2026-08-10T21:54:44.026+05:30 DEBUG 20940 --- [BankSystem] [http-nio-3030-exec-6] org.hibernate.SQL                        : 
    select
        ue1_0.id,
        ue1_0.active,
        ue1_0.email,
        ue1_0.mobile,
        ue1_0.name,
        ue1_0.password,
        ue1_0.role 
    from
        users ue1_0 
    where
        ue1_0.email=?
2026-08-10T21:54:44.028+05:30  INFO 20940 --- [BankSystem] [http-nio-3030-exec-6] c.e.B.security.CustomUserDetailsService  : Mail of user rohit@gmail.com
2026-08-10T21:54:44.028+05:30  INFO 20940 --- [BankSystem] [http-nio-3030-exec-6] c.e.B.security.CustomUserDetails         : Entered Custom user details class 
2026-08-10T21:54:44.029+05:30 DEBUG 20940 --- [BankSystem] [http-nio-3030-exec-6] o.s.s.w.access.AccessDeniedHandlerImpl   : Responding with 403 status code
2026-08-10T21:54:44.029+05:30 DEBUG 20940 --- [BankSystem] [http-nio-3030-exec-6] o.s.security.web.FilterChainProxy        : Securing GET /error
2026-08-10T21:54:44.030+05:30 DEBUG 20940 --- [BankSystem] [http-nio-3030-exec-6] o.s.s.w.a.AnonymousAuthenticationFilter  : Set SecurityContextHolder to anonymous SecurityContext
2026-08-10T21:54:44.030+05:30 DEBUG 20940 --- [BankSystem] [http-nio-3030-exec-6] o.s.s.w.s.HttpSessionRequestCache        : Saved request http://localhost:3030/error?continue to session
2026-08-10T21:54:44.031+05:30 DEBUG 20940 --- [BankSystem] [http-nio-3030-exec-6] o.s.s.w.a.Http403ForbiddenEntryPoint     : Pre-authenticated entry point called. Rejecting access
2026-08-10T21:56:32.885+05:30 DEBUG 20940 --- [BankSystem] [http-nio-3030-exec-10] o.s.security.web.FilterChainProxy        : Securing GET /api/v1/accounts/745536941691
2026-08-10T21:56:32.886+05:30 DEBUG 20940 --- [BankSystem] [http-nio-3030-exec-10] o.s.s.w.a.AnonymousAuthenticationFilter  : Set SecurityContextHolder to anonymous SecurityContext
2026-08-10T21:56:32.889+05:30 DEBUG 20940 --- [BankSystem] [http-nio-3030-exec-10] o.s.s.w.s.HttpSessionRequestCache        : Saved request http://localhost:3030/api/v1/accounts/745536941691?continue to session
2026-08-10T21:56:32.889+05:30 DEBUG 20940 --- [BankSystem] [http-nio-3030-exec-10] o.s.s.w.a.Http403ForbiddenEntryPoint     : Pre-authenticated entry point called. Rejecting access
2026-08-10T21:56:32.892+05:30 DEBUG 20940 --- [BankSystem] [http-nio-3030-exec-10] o.s.security.web.FilterChainProxy        : Securing GET /error
2026-08-10T21:56:32.893+05:30 DEBUG 20940 --- [BankSystem] [http-nio-3030-exec-10] o.s.s.w.a.AnonymousAuthenticationFilter  : Set SecurityContextHolder to anonymous SecurityContext
2026-08-10T21:56:32.894+05:30 DEBUG 20940 --- [BankSystem] [http-nio-3030-exec-10] o.s.s.w.s.HttpSessionRequestCache        : Saved request http://localhost:3030/error?continue to session
2026-08-10T21:56:32.895+05:30 DEBUG 20940 --- [BankSystem] [http-nio-3030-exec-10] o.s.s.w.a.Http403ForbiddenEntryPoint     : Pre-authenticated entry point called. Rejecting access
2026-08-10T21:57:05.510+05:30 DEBUG 20940 --- [BankSystem] [http-nio-3030-exec-1] o.s.security.web.FilterChainProxy        : Securing GET /api/v1/accounts/745536941665
2026-08-10T21:57:05.523+05:30  INFO 20940 --- [BankSystem] [http-nio-3030-exec-1] c.e.B.security.CustomUserDetailsService  : load User By Username for
2026-08-10T21:57:05.558+05:30 DEBUG 20940 --- [BankSystem] [http-nio-3030-exec-1] org.hibernate.SQL                        : 
    select
        ue1_0.id,
        ue1_0.active,
        ue1_0.email,
        ue1_0.mobile,
        ue1_0.name,
        ue1_0.password,
        ue1_0.role 
    from
        users ue1_0 
    where
        ue1_0.email=?
2026-08-10T21:57:05.572+05:30  INFO 20940 --- [BankSystem] [http-nio-3030-exec-1] c.e.B.security.CustomUserDetailsService  : Mail of user rohit@gmail.com
2026-08-10T21:57:05.572+05:30  INFO 20940 --- [BankSystem] [http-nio-3030-exec-1] c.e.B.security.CustomUserDetails         : Entered Custom user details class 
2026-08-10T21:57:05.576+05:30 DEBUG 20940 --- [BankSystem] [http-nio-3030-exec-1] o.s.security.web.FilterChainProxy        : Secured GET /api/v1/accounts/745536941665
2026-08-10T21:57:05.597+05:30  INFO 20940 --- [BankSystem] [http-nio-3030-exec-1] c.e.B.service.AccountServiceImpl         : Fetching account with account number: 745536941665
2026-08-10T21:57:05.602+05:30 DEBUG 20940 --- [BankSystem] [http-nio-3030-exec-1] org.hibernate.SQL                        : 
    select
        ae1_0.account_id,
        ae1_0.account_number,
        ae1_0.balance,
        ae1_0.status,
        ae1_0.user_id 
    from
        account ae1_0 
    where
        ae1_0.account_number=?
2026-08-10T21:57:05.611+05:30 DEBUG 20940 --- [BankSystem] [http-nio-3030-exec-1] org.hibernate.SQL                        : 
    select
        ue1_0.id,
        ue1_0.active,
        ue1_0.email,
        ue1_0.mobile,
        ue1_0.name,
        ue1_0.password,
        ue1_0.role 
    from
        users ue1_0 
    where
        ue1_0.id=?
2026-08-10T21:57:05.643+05:30  WARN 20940 --- [BankSystem] [http-nio-3030-exec-1] .m.m.a.ExceptionHandlerExceptionResolver : Resolved [com.example.BankSystem.exception.AccessDeniedException: You are not allowed to access this account ]
2026-08-10T21:57:11.710+05:30 DEBUG 20940 --- [BankSystem] [http-nio-3030-exec-2] o.s.security.web.FilterChainProxy        : Securing GET /api/v1/accounts/745536941691
2026-08-10T21:57:11.712+05:30  INFO 20940 --- [BankSystem] [http-nio-3030-exec-2] c.e.B.security.CustomUserDetailsService  : load User By Username for
2026-08-10T21:57:11.716+05:30 DEBUG 20940 --- [BankSystem] [http-nio-3030-exec-2] org.hibernate.SQL                        : 
    select
        ue1_0.id,
        ue1_0.active,
        ue1_0.email,
        ue1_0.mobile,
        ue1_0.name,
        ue1_0.password,
        ue1_0.role 
    from
        users ue1_0 
    where
        ue1_0.email=?
2026-08-10T21:57:11.718+05:30  INFO 20940 --- [BankSystem] [http-nio-3030-exec-2] c.e.B.security.CustomUserDetailsService  : Mail of user rohit@gmail.com
2026-08-10T21:57:11.718+05:30  INFO 20940 --- [BankSystem] [http-nio-3030-exec-2] c.e.B.security.CustomUserDetails         : Entered Custom user details class 
2026-08-10T21:57:11.721+05:30 DEBUG 20940 --- [BankSystem] [http-nio-3030-exec-2] o.s.security.web.FilterChainProxy        : Secured GET /api/v1/accounts/745536941691
2026-08-10T21:57:11.722+05:30  INFO 20940 --- [BankSystem] [http-nio-3030-exec-2] c.e.B.service.AccountServiceImpl         : Fetching account with account number: 745536941691
2026-08-10T21:57:11.723+05:30 DEBUG 20940 --- [BankSystem] [http-nio-3030-exec-2] org.hibernate.SQL                        : 
    select
        ae1_0.account_id,
        ae1_0.account_number,
        ae1_0.balance,
        ae1_0.status,
        ae1_0.user_id 
    from
        account ae1_0 
    where
        ae1_0.account_number=?
2026-08-10T21:57:11.726+05:30 DEBUG 20940 --- [BankSystem] [http-nio-3030-exec-2] org.hibernate.SQL                        : 
    select
        ue1_0.id,
        ue1_0.active,
        ue1_0.email,
        ue1_0.mobile,
        ue1_0.name,
        ue1_0.password,
        ue1_0.role 
    from
        users ue1_0 
    where
        ue1_0.id=?
2026-08-10T21:57:11.728+05:30  INFO 20940 --- [BankSystem] [http-nio-3030-exec-2] c.e.B.service.AccountServiceImpl         : Account fetched successfully: 745536941691
2026-08-10T21:57:22.517+05:30 DEBUG 20940 --- [BankSystem] [http-nio-3030-exec-3] o.s.security.web.FilterChainProxy        : Securing GET /api/v1/accounts/745536941691
2026-08-10T21:57:22.517+05:30 DEBUG 20940 --- [BankSystem] [http-nio-3030-exec-3] o.s.s.w.a.AnonymousAuthenticationFilter  : Set SecurityContextHolder to anonymous SecurityContext
2026-08-10T21:57:22.518+05:30 DEBUG 20940 --- [BankSystem] [http-nio-3030-exec-3] o.s.s.w.s.HttpSessionRequestCache        : Saved request http://localhost:3030/api/v1/accounts/745536941691?continue to session
2026-08-10T21:57:22.518+05:30 DEBUG 20940 --- [BankSystem] [http-nio-3030-exec-3] o.s.s.w.a.Http403ForbiddenEntryPoint     : Pre-authenticated entry point called. Rejecting access
2026-08-10T21:57:22.519+05:30 DEBUG 20940 --- [BankSystem] [http-nio-3030-exec-3] o.s.security.web.FilterChainProxy        : Securing GET /error
2026-08-10T21:57:22.520+05:30 DEBUG 20940 --- [BankSystem] [http-nio-3030-exec-3] o.s.s.w.a.AnonymousAuthenticationFilter  : Set SecurityContextHolder to anonymous SecurityContext
2026-08-10T21:57:22.520+05:30 DEBUG 20940 --- [BankSystem] [http-nio-3030-exec-3] o.s.s.w.s.HttpSessionRequestCache        : Saved request http://localhost:3030/error?continue to session
2026-08-10T21:57:22.520+05:30 DEBUG 20940 --- [BankSystem] [http-nio-3030-exec-3] o.s.s.w.a.Http403ForbiddenEntryPoint     : Pre-authenticated entry point called. Rejecting access
2026-08-10T21:57:23.701+05:30 DEBUG 20940 --- [BankSystem] [http-nio-3030-exec-4] o.s.security.web.FilterChainProxy        : Securing GET /api/v1/accounts/745536941691
2026-08-10T21:57:23.702+05:30 DEBUG 20940 --- [BankSystem] [http-nio-3030-exec-4] o.s.s.w.a.AnonymousAuthenticationFilter  : Set SecurityContextHolder to anonymous SecurityContext
2026-08-10T21:57:23.703+05:30 DEBUG 20940 --- [BankSystem] [http-nio-3030-exec-4] o.s.s.w.s.HttpSessionRequestCache        : Saved request http://localhost:3030/api/v1/accounts/745536941691?continue to session
2026-08-10T21:57:23.703+05:30 DEBUG 20940 --- [BankSystem] [http-nio-3030-exec-4] o.s.s.w.a.Http403ForbiddenEntryPoint     : Pre-authenticated entry point called. Rejecting access
2026-08-10T21:57:23.705+05:30 DEBUG 20940 --- [BankSystem] [http-nio-3030-exec-4] o.s.security.web.FilterChainProxy        : Securing GET /error
2026-08-10T21:57:23.706+05:30 DEBUG 20940 --- [BankSystem] [http-nio-3030-exec-4] o.s.s.w.a.AnonymousAuthenticationFilter  : Set SecurityContextHolder to anonymous SecurityContext
2026-08-10T21:57:23.707+05:30 DEBUG 20940 --- [BankSystem] [http-nio-3030-exec-4] o.s.s.w.s.HttpSessionRequestCache        : Saved request http://localhost:3030/error?continue to session
2026-08-10T21:57:23.708+05:30 DEBUG 20940 --- [BankSystem] [http-nio-3030-exec-4] o.s.s.w.a.Http403ForbiddenEntryPoint     : Pre-authenticated entry point called. Rejecting access
2026-08-10T21:59:46.635+05:30 DEBUG 20940 --- [BankSystem] [http-nio-3030-exec-10] o.s.security.web.FilterChainProxy        : Securing GET /swagger-ui/index.css
2026-08-10T21:59:46.635+05:30 DEBUG 20940 --- [BankSystem] [http-nio-3030-exec-9] o.s.security.web.FilterChainProxy        : Securing GET /.well-known/appspecific/com.chrome.devtools.json
2026-08-10T21:59:46.635+05:30 DEBUG 20940 --- [BankSystem] [http-nio-3030-exec-7] o.s.security.web.FilterChainProxy        : Securing GET /swagger-ui/swagger-ui.css
2026-08-10T21:59:46.635+05:30 DEBUG 20940 --- [BankSystem] [http-nio-3030-exec-10] o.s.security.web.FilterChainProxy        : Secured GET /swagger-ui/index.css
2026-08-10T21:59:46.635+05:30 DEBUG 20940 --- [BankSystem] [http-nio-3030-exec-7] o.s.security.web.FilterChainProxy        : Secured GET /swagger-ui/swagger-ui.css
2026-08-10T21:59:46.638+05:30 DEBUG 20940 --- [BankSystem] [http-nio-3030-exec-9] o.s.s.w.a.AnonymousAuthenticationFilter  : Set SecurityContextHolder to anonymous SecurityContext
2026-08-10T21:59:46.638+05:30 DEBUG 20940 --- [BankSystem] [http-nio-3030-exec-9] o.s.s.w.s.HttpSessionRequestCache        : Saved request http://localhost:3030/.well-known/appspecific/com.chrome.devtools.json?continue to session
2026-08-10T21:59:46.638+05:30 DEBUG 20940 --- [BankSystem] [http-nio-3030-exec-9] o.s.s.w.a.Http403ForbiddenEntryPoint     : Pre-authenticated entry point called. Rejecting access
2026-08-10T21:59:46.638+05:30 DEBUG 20940 --- [BankSystem] [http-nio-3030-exec-9] o.s.security.web.FilterChainProxy        : Securing GET /error
2026-08-10T21:59:46.638+05:30 DEBUG 20940 --- [BankSystem] [http-nio-3030-exec-9] o.s.s.w.a.AnonymousAuthenticationFilter  : Set SecurityContextHolder to anonymous SecurityContext
2026-08-10T21:59:46.638+05:30 DEBUG 20940 --- [BankSystem] [http-nio-3030-exec-9] o.s.s.w.s.HttpSessionRequestCache        : Saved request http://localhost:3030/error?continue to session
2026-08-10T21:59:46.638+05:30 DEBUG 20940 --- [BankSystem] [http-nio-3030-exec-9] o.s.s.w.a.Http403ForbiddenEntryPoint     : Pre-authenticated entry point called. Rejecting access
2026-08-10T21:59:46.671+05:30 DEBUG 20940 --- [BankSystem] [http-nio-3030-exec-10] o.s.s.w.a.AnonymousAuthenticationFilter  : Set SecurityContextHolder to anonymous SecurityContext
2026-08-10T21:59:46.675+05:30 DEBUG 20940 --- [BankSystem] [http-nio-3030-exec-7] o.s.s.w.a.AnonymousAuthenticationFilter  : Set SecurityContextHolder to anonymous SecurityContext
2026-08-10T21:59:46.845+05:30 DEBUG 20940 --- [BankSystem] [http-nio-3030-exec-1] o.s.security.web.FilterChainProxy        : Securing GET /swagger-ui/swagger-ui.css.map
2026-08-10T21:59:46.845+05:30 DEBUG 20940 --- [BankSystem] [http-nio-3030-exec-1] o.s.security.web.FilterChainProxy        : Secured GET /swagger-ui/swagger-ui.css.map
2026-08-10T21:59:46.944+05:30 DEBUG 20940 --- [BankSystem] [http-nio-3030-exec-1] o.s.s.w.a.AnonymousAuthenticationFilter  : Set SecurityContextHolder to anonymous SecurityContext
2026-08-10T22:01:04.676+05:30 DEBUG 20940 --- [BankSystem] [http-nio-3030-exec-4] o.s.security.web.FilterChainProxy        : Securing GET /.well-known/appspecific/com.chrome.devtools.json
2026-08-10T22:01:04.676+05:30 DEBUG 20940 --- [BankSystem] [http-nio-3030-exec-4] o.s.s.w.a.AnonymousAuthenticationFilter  : Set SecurityContextHolder to anonymous SecurityContext
2026-08-10T22:01:04.676+05:30 DEBUG 20940 --- [BankSystem] [http-nio-3030-exec-4] o.s.s.w.s.HttpSessionRequestCache        : Saved request http://localhost:3030/.well-known/appspecific/com.chrome.devtools.json?continue to session
2026-08-10T22:01:04.676+05:30 DEBUG 20940 --- [BankSystem] [http-nio-3030-exec-4] o.s.s.w.a.Http403ForbiddenEntryPoint     : Pre-authenticated entry point called. Rejecting access
2026-08-10T22:01:04.676+05:30 DEBUG 20940 --- [BankSystem] [http-nio-3030-exec-4] o.s.security.web.FilterChainProxy        : Securing GET /error
2026-08-10T22:01:04.676+05:30 DEBUG 20940 --- [BankSystem] [http-nio-3030-exec-4] o.s.s.w.a.AnonymousAuthenticationFilter  : Set SecurityContextHolder to anonymous SecurityContext
2026-08-10T22:01:04.676+05:30 DEBUG 20940 --- [BankSystem] [http-nio-3030-exec-4] o.s.s.w.s.HttpSessionRequestCache        : Saved request http://localhost:3030/error?continue to session
2026-08-10T22:01:04.676+05:30 DEBUG 20940 --- [BankSystem] [http-nio-3030-exec-4] o.s.s.w.a.Http403ForbiddenEntryPoint     : Pre-authenticated entry point called. Rejecting access
2026-08-10T22:01:04.685+05:30 DEBUG 20940 --- [BankSystem] [http-nio-3030-exec-8] o.s.security.web.FilterChainProxy        : Securing GET /swagger-ui/swagger-ui.css.map
2026-08-10T22:01:04.685+05:30 DEBUG 20940 --- [BankSystem] [http-nio-3030-exec-8] o.s.security.web.FilterChainProxy        : Secured GET /swagger-ui/swagger-ui.css.map
2026-08-10T22:01:04.706+05:30 DEBUG 20940 --- [BankSystem] [http-nio-3030-exec-8] o.s.s.w.a.AnonymousAuthenticationFilter  : Set SecurityContextHolder to anonymous SecurityContext
2026-08-10T22:01:10.555+05:30 DEBUG 20940 --- [BankSystem] [http-nio-3030-exec-6] o.s.security.web.FilterChainProxy        : Securing GET /api/v1/accounts/745536941691
2026-08-10T22:01:10.555+05:30 DEBUG 20940 --- [BankSystem] [http-nio-3030-exec-6] o.s.s.w.a.AnonymousAuthenticationFilter  : Set SecurityContextHolder to anonymous SecurityContext
2026-08-10T22:01:10.561+05:30 DEBUG 20940 --- [BankSystem] [http-nio-3030-exec-6] o.s.s.w.s.HttpSessionRequestCache        : Saved request http://localhost:3030/api/v1/accounts/745536941691?continue to session
2026-08-10T22:01:10.561+05:30 DEBUG 20940 --- [BankSystem] [http-nio-3030-exec-6] o.s.s.w.a.Http403ForbiddenEntryPoint     : Pre-authenticated entry point called. Rejecting access
2026-08-10T22:01:10.561+05:30 DEBUG 20940 --- [BankSystem] [http-nio-3030-exec-6] o.s.security.web.FilterChainProxy        : Securing GET /error
2026-08-10T22:01:10.561+05:30 DEBUG 20940 --- [BankSystem] [http-nio-3030-exec-6] o.s.s.w.a.AnonymousAuthenticationFilter  : Set SecurityContextHolder to anonymous SecurityContext
2026-08-10T22:01:10.561+05:30 DEBUG 20940 --- [BankSystem] [http-nio-3030-exec-6] o.s.s.w.s.HttpSessionRequestCache        : Saved request http://localhost:3030/error?continue to session
2026-08-10T22:01:10.561+05:30 DEBUG 20940 --- [BankSystem] [http-nio-3030-exec-6] o.s.s.w.a.Http403ForbiddenEntryPoint     : Pre-authenticated entry point called. Rejecting access
2026-08-10T22:06:36.794+05:30  INFO 20940 --- [BankSystem] [File Watcher] rtingClassPathChangeChangedEventListener : Restarting due to 1 class path change (0 additions, 0 deletions, 1 modification)
2026-08-10T22:06:36.926+05:30  INFO 20940 --- [BankSystem] [Thread-5] o.s.b.w.e.tomcat.GracefulShutdown        : Commencing graceful shutdown. Waiting for active requests to complete
2026-08-10T22:06:36.955+05:30  INFO 20940 --- [BankSystem] [tomcat-shutdown] o.s.b.w.e.tomcat.GracefulShutdown        : Graceful shutdown complete
2026-08-10T22:06:36.993+05:30  INFO 20940 --- [BankSystem] [Thread-5] j.LocalContainerEntityManagerFactoryBean : Closing JPA EntityManagerFactory for persistence unit 'default'
2026-08-10T22:06:37.060+05:30  INFO 20940 --- [BankSystem] [Thread-5] com.zaxxer.hikari.HikariDataSource       : HikariPool-1 - Shutdown initiated...
2026-08-10T22:06:37.088+05:30  INFO 20940 --- [BankSystem] [Thread-5] com.zaxxer.hikari.HikariDataSource       : HikariPool-1 - Shutdown completed.
2026-08-10T22:06:38.059+05:30  INFO 20940 --- [BankSystem] [restartedMain] c.e.BankSystem.BankSystemApplication     : Starting BankSystemApplication using Java 21.0.9 with PID 20940 (C:\Users\biraj\spring boot workspace\BankSystem\target\classes started by biraj in C:\Users\biraj\spring boot workspace\BankSystem)
2026-08-10T22:06:38.060+05:30  INFO 20940 --- [BankSystem] [restartedMain] c.e.BankSystem.BankSystemApplication     : No active profile set, falling back to 1 default profile: "default"
2026-08-10T22:06:38.781+05:30  INFO 20940 --- [BankSystem] [restartedMain] .s.d.r.c.RepositoryConfigurationDelegate : Bootstrapping Spring Data JPA repositories in DEFAULT mode.
2026-08-10T22:06:38.819+05:30  INFO 20940 --- [BankSystem] [restartedMain] .s.d.r.c.RepositoryConfigurationDelegate : Finished Spring Data repository scanning in 35 ms. Found 3 JPA repository interfaces.
2026-08-10T22:06:39.206+05:30  INFO 20940 --- [BankSystem] [restartedMain] o.s.b.w.embedded.tomcat.TomcatWebServer  : Tomcat initialized with port 3030 (http)
2026-08-10T22:06:39.208+05:30  INFO 20940 --- [BankSystem] [restartedMain] o.apache.catalina.core.StandardService   : Starting service [Tomcat]
2026-08-10T22:06:39.208+05:30  INFO 20940 --- [BankSystem] [restartedMain] o.apache.catalina.core.StandardEngine    : Starting Servlet engine: [Apache Tomcat/10.1.42]
2026-08-10T22:06:39.244+05:30  INFO 20940 --- [BankSystem] [restartedMain] o.a.c.c.C.[Tomcat].[localhost].[/]       : Initializing Spring embedded WebApplicationContext
2026-08-10T22:06:39.244+05:30  INFO 20940 --- [BankSystem] [restartedMain] w.s.c.ServletWebServerApplicationContext : Root WebApplicationContext: initialization completed in 1177 ms
2026-08-10T22:06:39.291+05:30  INFO 20940 --- [BankSystem] [restartedMain] o.hibernate.jpa.internal.util.LogHelper  : HHH000204: Processing PersistenceUnitInfo [name: default]
2026-08-10T22:06:39.299+05:30  INFO 20940 --- [BankSystem] [restartedMain] o.h.c.internal.RegionFactoryInitiator    : HHH000026: Second-level cache disabled
2026-08-10T22:06:39.337+05:30  INFO 20940 --- [BankSystem] [restartedMain] o.s.o.j.p.SpringPersistenceUnitInfo      : No LoadTimeWeaver setup: ignoring JPA class transformer
2026-08-10T22:06:39.342+05:30  INFO 20940 --- [BankSystem] [restartedMain] com.zaxxer.hikari.HikariDataSource       : HikariPool-2 - Starting...
2026-08-10T22:06:39.439+05:30  INFO 20940 --- [BankSystem] [restartedMain] com.zaxxer.hikari.pool.HikariPool        : HikariPool-2 - Added connection org.postgresql.jdbc.PgConnection@d4f9e41
2026-08-10T22:06:39.440+05:30  INFO 20940 --- [BankSystem] [restartedMain] com.zaxxer.hikari.HikariDataSource       : HikariPool-2 - Start completed.
2026-08-10T22:06:39.463+05:30  WARN 20940 --- [BankSystem] [restartedMain] org.hibernate.orm.deprecation            : HHH90000025: PostgreSQLDialect does not need to be specified explicitly using 'hibernate.dialect' (remove the property setting and it will be selected by default)
2026-08-10T22:06:39.468+05:30  INFO 20940 --- [BankSystem] [restartedMain] org.hibernate.orm.connections.pooling    : HHH10001005: Database info:
	Database JDBC URL [Connecting through datasource 'HikariDataSource (HikariPool-2)']
	Database driver: undefined/unknown
	Database version: 18.4
	Autocommit mode: undefined/unknown
	Isolation level: undefined/unknown
	Minimum pool size: undefined/unknown
	Maximum pool size: undefined/unknown
2026-08-10T22:06:39.807+05:30  INFO 20940 --- [BankSystem] [restartedMain] o.h.e.t.j.p.i.JtaPlatformInitiator       : HHH000489: No JTA platform available (set 'hibernate.transaction.jta.platform' to enable JTA platform integration)
2026-08-10T22:06:40.116+05:30  INFO 20940 --- [BankSystem] [restartedMain] j.LocalContainerEntityManagerFactoryBean : Initialized JPA EntityManagerFactory for persistence unit 'default'
2026-08-10T22:06:40.321+05:30  INFO 20940 --- [BankSystem] [restartedMain] eAuthenticationProviderManagerConfigurer : Global AuthenticationManager configured with AuthenticationProvider bean with name authenticationProvider
2026-08-10T22:06:40.322+05:30  WARN 20940 --- [BankSystem] [restartedMain] r$InitializeUserDetailsManagerConfigurer : Global AuthenticationManager configured with an AuthenticationProvider bean. UserDetailsService beans will not be used by Spring Security for automatically configuring username/password login. Consider removing the AuthenticationProvider bean. Alternatively, consider using the UserDetailsService in a manually instantiated DaoAuthenticationProvider. If the current configuration is intentional, to turn off this warning, increase the logging level of 'org.springframework.security.config.annotation.authentication.configuration.InitializeUserDetailsBeanManagerConfigurer' to ERROR
2026-08-10T22:06:40.464+05:30  WARN 20940 --- [BankSystem] [restartedMain] JpaBaseConfiguration$JpaWebConfiguration : spring.jpa.open-in-view is enabled by default. Therefore, database queries may be performed during view rendering. Explicitly configure spring.jpa.open-in-view to disable this warning
2026-08-10T22:06:40.596+05:30 DEBUG 20940 --- [BankSystem] [restartedMain] o.s.s.web.DefaultSecurityFilterChain     : Will secure any request with filters: DisableEncodeUrlFilter, WebAsyncManagerIntegrationFilter, SecurityContextHolderFilter, HeaderWriterFilter, LogoutFilter, JwtAuthenticationFilter, RequestCacheAwareFilter, SecurityContextHolderAwareRequestFilter, AnonymousAuthenticationFilter, ExceptionTranslationFilter, AuthorizationFilter
2026-08-10T22:06:40.688+05:30  INFO 20940 --- [BankSystem] [restartedMain] o.s.b.d.a.OptionalLiveReloadServer       : LiveReload server is running on port 35729
2026-08-10T22:06:40.710+05:30  INFO 20940 --- [BankSystem] [restartedMain] o.s.b.w.embedded.tomcat.TomcatWebServer  : Tomcat started on port 3030 (http) with context path '/'
2026-08-10T22:06:40.723+05:30  INFO 20940 --- [BankSystem] [restartedMain] c.e.BankSystem.BankSystemApplication     : Started BankSystemApplication in 2.775 seconds (process running for 1177.744)
2026-08-10T22:06:40.727+05:30  INFO 20940 --- [BankSystem] [restartedMain] .ConditionEvaluationDeltaLoggingListener : Condition evaluation unchanged
2026-08-10T22:07:39.909+05:30  INFO 20940 --- [BankSystem] [http-nio-3030-exec-2] o.a.c.c.C.[Tomcat].[localhost].[/]       : Initializing Spring DispatcherServlet 'dispatcherServlet'
2026-08-10T22:07:39.909+05:30  INFO 20940 --- [BankSystem] [http-nio-3030-exec-2] o.s.web.servlet.DispatcherServlet        : Initializing Servlet 'dispatcherServlet'
2026-08-10T22:07:39.909+05:30  INFO 20940 --- [BankSystem] [http-nio-3030-exec-2] o.s.web.servlet.DispatcherServlet        : Completed initialization in 0 ms
2026-08-10T22:07:39.909+05:30 DEBUG 20940 --- [BankSystem] [http-nio-3030-exec-2] o.s.security.web.FilterChainProxy        : Securing GET /swagger-ui/index.html
2026-08-10T22:07:39.909+05:30 DEBUG 20940 --- [BankSystem] [http-nio-3030-exec-2] o.s.security.web.FilterChainProxy        : Secured GET /swagger-ui/index.html
2026-08-10T22:07:39.918+05:30 DEBUG 20940 --- [BankSystem] [http-nio-3030-exec-2] o.s.s.w.a.AnonymousAuthenticationFilter  : Set SecurityContextHolder to anonymous SecurityContext
2026-08-10T22:07:39.975+05:30 DEBUG 20940 --- [BankSystem] [http-nio-3030-exec-1] o.s.security.web.FilterChainProxy        : Securing GET /swagger-ui/swagger-ui.css
2026-08-10T22:07:39.975+05:30 DEBUG 20940 --- [BankSystem] [http-nio-3030-exec-1] o.s.security.web.FilterChainProxy        : Secured GET /swagger-ui/swagger-ui.css
2026-08-10T22:07:39.975+05:30 DEBUG 20940 --- [BankSystem] [http-nio-3030-exec-3] o.s.security.web.FilterChainProxy        : Securing GET /swagger-ui/index.css
2026-08-10T22:07:39.981+05:30 DEBUG 20940 --- [BankSystem] [http-nio-3030-exec-3] o.s.security.web.FilterChainProxy        : Secured GET /swagger-ui/index.css
2026-08-10T22:07:39.985+05:30 DEBUG 20940 --- [BankSystem] [http-nio-3030-exec-1] o.s.s.w.a.AnonymousAuthenticationFilter  : Set SecurityContextHolder to anonymous SecurityContext
2026-08-10T22:07:39.986+05:30 DEBUG 20940 --- [BankSystem] [http-nio-3030-exec-5] o.s.security.web.FilterChainProxy        : Securing GET /swagger-ui/swagger-ui-bundle.js
2026-08-10T22:07:39.986+05:30 DEBUG 20940 --- [BankSystem] [http-nio-3030-exec-6] o.s.security.web.FilterChainProxy        : Securing GET /swagger-ui/swagger-initializer.js
2026-08-10T22:07:39.986+05:30 DEBUG 20940 --- [BankSystem] [http-nio-3030-exec-3] o.s.s.w.a.AnonymousAuthenticationFilter  : Set SecurityContextHolder to anonymous SecurityContext
2026-08-10T22:07:39.986+05:30 DEBUG 20940 --- [BankSystem] [http-nio-3030-exec-5] o.s.security.web.FilterChainProxy        : Secured GET /swagger-ui/swagger-ui-bundle.js
2026-08-10T22:07:39.986+05:30 DEBUG 20940 --- [BankSystem] [http-nio-3030-exec-6] o.s.security.web.FilterChainProxy        : Secured GET /swagger-ui/swagger-initializer.js
2026-08-10T22:07:39.986+05:30 DEBUG 20940 --- [BankSystem] [http-nio-3030-exec-4] o.s.security.web.FilterChainProxy        : Securing GET /swagger-ui/swagger-ui-standalone-preset.js
2026-08-10T22:07:39.986+05:30 DEBUG 20940 --- [BankSystem] [http-nio-3030-exec-4] o.s.security.web.FilterChainProxy        : Secured GET /swagger-ui/swagger-ui-standalone-preset.js
2026-08-10T22:07:39.994+05:30 DEBUG 20940 --- [BankSystem] [http-nio-3030-exec-6] o.s.s.w.a.AnonymousAuthenticationFilter  : Set SecurityContextHolder to anonymous SecurityContext
2026-08-10T22:07:40.005+05:30 DEBUG 20940 --- [BankSystem] [http-nio-3030-exec-4] o.s.s.w.a.AnonymousAuthenticationFilter  : Set SecurityContextHolder to anonymous SecurityContext
2026-08-10T22:07:40.021+05:30 DEBUG 20940 --- [BankSystem] [http-nio-3030-exec-5] o.s.s.w.a.AnonymousAuthenticationFilter  : Set SecurityContextHolder to anonymous SecurityContext
2026-08-10T22:07:40.175+05:30 DEBUG 20940 --- [BankSystem] [http-nio-3030-exec-8] o.s.security.web.FilterChainProxy        : Securing GET /v3/api-docs/swagger-config
2026-08-10T22:07:40.175+05:30 DEBUG 20940 --- [BankSystem] [http-nio-3030-exec-8] o.s.security.web.FilterChainProxy        : Secured GET /v3/api-docs/swagger-config
2026-08-10T22:07:40.185+05:30 DEBUG 20940 --- [BankSystem] [http-nio-3030-exec-7] o.s.security.web.FilterChainProxy        : Securing GET /swagger-ui/favicon-32x32.png
2026-08-10T22:07:40.185+05:30 DEBUG 20940 --- [BankSystem] [http-nio-3030-exec-7] o.s.security.web.FilterChainProxy        : Secured GET /swagger-ui/favicon-32x32.png
2026-08-10T22:07:40.187+05:30 DEBUG 20940 --- [BankSystem] [http-nio-3030-exec-7] o.s.s.w.a.AnonymousAuthenticationFilter  : Set SecurityContextHolder to anonymous SecurityContext
2026-08-10T22:07:40.187+05:30 DEBUG 20940 --- [BankSystem] [http-nio-3030-exec-8] o.s.s.w.a.AnonymousAuthenticationFilter  : Set SecurityContextHolder to anonymous SecurityContext
2026-08-10T22:07:40.211+05:30 DEBUG 20940 --- [BankSystem] [http-nio-3030-exec-9] o.s.security.web.FilterChainProxy        : Securing GET /v3/api-docs
2026-08-10T22:07:40.211+05:30 DEBUG 20940 --- [BankSystem] [http-nio-3030-exec-9] o.s.security.web.FilterChainProxy        : Secured GET /v3/api-docs
2026-08-10T22:07:40.556+05:30  INFO 20940 --- [BankSystem] [http-nio-3030-exec-9] o.springdoc.api.AbstractOpenApiResource  : Init duration for springdoc-openapi is: 336 ms
2026-08-10T22:07:40.566+05:30 DEBUG 20940 --- [BankSystem] [http-nio-3030-exec-9] o.s.s.w.a.AnonymousAuthenticationFilter  : Set SecurityContextHolder to anonymous SecurityContext
2026-08-10T22:08:14.951+05:30  INFO 9976 --- [BankSystem] [restartedMain] c.e.BankSystem.BankSystemApplication     : Starting BankSystemApplication using Java 21.0.9 with PID 9976 (C:\Users\biraj\spring boot workspace\BankSystem\target\classes started by biraj in C:\Users\biraj\spring boot workspace\BankSystem)
2026-08-10T22:08:14.956+05:30  INFO 9976 --- [BankSystem] [restartedMain] c.e.BankSystem.BankSystemApplication     : No active profile set, falling back to 1 default profile: "default"
2026-08-10T22:08:15.063+05:30  INFO 9976 --- [BankSystem] [restartedMain] .e.DevToolsPropertyDefaultsPostProcessor : Devtools property defaults active! Set 'spring.devtools.add-properties' to 'false' to disable
2026-08-10T22:08:15.063+05:30  INFO 9976 --- [BankSystem] [restartedMain] .e.DevToolsPropertyDefaultsPostProcessor : For additional web related logging consider setting the 'logging.level.web' property to 'DEBUG'
2026-08-10T22:08:16.695+05:30  INFO 9976 --- [BankSystem] [restartedMain] .s.d.r.c.RepositoryConfigurationDelegate : Bootstrapping Spring Data JPA repositories in DEFAULT mode.
2026-08-10T22:08:16.833+05:30  INFO 9976 --- [BankSystem] [restartedMain] .s.d.r.c.RepositoryConfigurationDelegate : Finished Spring Data repository scanning in 109 ms. Found 3 JPA repository interfaces.
2026-08-10T22:08:18.114+05:30  INFO 9976 --- [BankSystem] [restartedMain] o.s.b.w.embedded.tomcat.TomcatWebServer  : Tomcat initialized with port 3030 (http)
2026-08-10T22:08:18.135+05:30  INFO 9976 --- [BankSystem] [restartedMain] o.apache.catalina.core.StandardService   : Starting service [Tomcat]
2026-08-10T22:08:18.139+05:30  INFO 9976 --- [BankSystem] [restartedMain] o.apache.catalina.core.StandardEngine    : Starting Servlet engine: [Apache Tomcat/10.1.42]
2026-08-10T22:08:18.227+05:30  INFO 9976 --- [BankSystem] [restartedMain] o.a.c.c.C.[Tomcat].[localhost].[/]       : Initializing Spring embedded WebApplicationContext
2026-08-10T22:08:18.228+05:30  INFO 9976 --- [BankSystem] [restartedMain] w.s.c.ServletWebServerApplicationContext : Root WebApplicationContext: initialization completed in 3164 ms
2026-08-10T22:08:18.630+05:30  INFO 9976 --- [BankSystem] [restartedMain] o.hibernate.jpa.internal.util.LogHelper  : HHH000204: Processing PersistenceUnitInfo [name: default]
2026-08-10T22:08:18.816+05:30  INFO 9976 --- [BankSystem] [restartedMain] org.hibernate.Version                    : HHH000412: Hibernate ORM core version 6.6.18.Final
2026-08-10T22:08:18.874+05:30  INFO 9976 --- [BankSystem] [restartedMain] o.h.c.internal.RegionFactoryInitiator    : HHH000026: Second-level cache disabled
2026-08-10T22:08:19.233+05:30  INFO 9976 --- [BankSystem] [restartedMain] o.s.o.j.p.SpringPersistenceUnitInfo      : No LoadTimeWeaver setup: ignoring JPA class transformer
2026-08-10T22:08:19.264+05:30  INFO 9976 --- [BankSystem] [restartedMain] com.zaxxer.hikari.HikariDataSource       : HikariPool-1 - Starting...
2026-08-10T22:08:19.511+05:30  INFO 9976 --- [BankSystem] [restartedMain] com.zaxxer.hikari.pool.HikariPool        : HikariPool-1 - Added connection org.postgresql.jdbc.PgConnection@3854f999
2026-08-10T22:08:19.513+05:30  INFO 9976 --- [BankSystem] [restartedMain] com.zaxxer.hikari.HikariDataSource       : HikariPool-1 - Start completed.
2026-08-10T22:08:19.562+05:30  WARN 9976 --- [BankSystem] [restartedMain] org.hibernate.orm.deprecation            : HHH90000025: PostgreSQLDialect does not need to be specified explicitly using 'hibernate.dialect' (remove the property setting and it will be selected by default)
2026-08-10T22:08:19.599+05:30  INFO 9976 --- [BankSystem] [restartedMain] org.hibernate.orm.connections.pooling    : HHH10001005: Database info:
	Database JDBC URL [Connecting through datasource 'HikariDataSource (HikariPool-1)']
	Database driver: undefined/unknown
	Database version: 18.4
	Autocommit mode: undefined/unknown
	Isolation level: undefined/unknown
	Minimum pool size: undefined/unknown
	Maximum pool size: undefined/unknown
2026-08-10T22:08:20.786+05:30  INFO 9976 --- [BankSystem] [restartedMain] o.h.e.t.j.p.i.JtaPlatformInitiator       : HHH000489: No JTA platform available (set 'hibernate.transaction.jta.platform' to enable JTA platform integration)
2026-08-10T22:08:20.987+05:30  INFO 9976 --- [BankSystem] [restartedMain] j.LocalContainerEntityManagerFactoryBean : Initialized JPA EntityManagerFactory for persistence unit 'default'
2026-08-10T22:08:21.631+05:30  INFO 9976 --- [BankSystem] [restartedMain] eAuthenticationProviderManagerConfigurer : Global AuthenticationManager configured with AuthenticationProvider bean with name authenticationProvider
2026-08-10T22:08:21.632+05:30  WARN 9976 --- [BankSystem] [restartedMain] r$InitializeUserDetailsManagerConfigurer : Global AuthenticationManager configured with an AuthenticationProvider bean. UserDetailsService beans will not be used by Spring Security for automatically configuring username/password login. Consider removing the AuthenticationProvider bean. Alternatively, consider using the UserDetailsService in a manually instantiated DaoAuthenticationProvider. If the current configuration is intentional, to turn off this warning, increase the logging level of 'org.springframework.security.config.annotation.authentication.configuration.InitializeUserDetailsBeanManagerConfigurer' to ERROR
2026-08-10T22:08:21.702+05:30  INFO 9976 --- [BankSystem] [restartedMain] o.s.d.j.r.query.QueryEnhancerFactory     : Hibernate is in classpath; If applicable, HQL parser will be used.
2026-08-10T22:08:22.631+05:30  WARN 9976 --- [BankSystem] [restartedMain] JpaBaseConfiguration$JpaWebConfiguration : spring.jpa.open-in-view is enabled by default. Therefore, database queries may be performed during view rendering. Explicitly configure spring.jpa.open-in-view to disable this warning
2026-08-10T22:08:23.218+05:30 DEBUG 9976 --- [BankSystem] [restartedMain] o.s.s.web.DefaultSecurityFilterChain     : Will secure any request with filters: DisableEncodeUrlFilter, WebAsyncManagerIntegrationFilter, SecurityContextHolderFilter, HeaderWriterFilter, LogoutFilter, JwtAuthenticationFilter, RequestCacheAwareFilter, SecurityContextHolderAwareRequestFilter, AnonymousAuthenticationFilter, ExceptionTranslationFilter, AuthorizationFilter
2026-08-10T22:08:23.775+05:30  INFO 9976 --- [BankSystem] [restartedMain] o.s.b.d.a.OptionalLiveReloadServer       : LiveReload server is running on port 35729
2026-08-10T22:08:23.831+05:30  INFO 9976 --- [BankSystem] [restartedMain] o.s.b.w.embedded.tomcat.TomcatWebServer  : Tomcat started on port 3030 (http) with context path '/'
2026-08-10T22:08:23.852+05:30  INFO 9976 --- [BankSystem] [restartedMain] c.e.BankSystem.BankSystemApplication     : Started BankSystemApplication in 9.562 seconds (process running for 10.224)
2026-08-10T22:09:01.772+05:30  INFO 9976 --- [BankSystem] [http-nio-3030-exec-1] o.a.c.c.C.[Tomcat].[localhost].[/]       : Initializing Spring DispatcherServlet 'dispatcherServlet'
2026-08-10T22:09:01.773+05:30  INFO 9976 --- [BankSystem] [http-nio-3030-exec-1] o.s.web.servlet.DispatcherServlet        : Initializing Servlet 'dispatcherServlet'
2026-08-10T22:09:01.775+05:30  INFO 9976 --- [BankSystem] [http-nio-3030-exec-1] o.s.web.servlet.DispatcherServlet        : Completed initialization in 2 ms
2026-08-10T22:09:01.798+05:30 DEBUG 9976 --- [BankSystem] [http-nio-3030-exec-1] o.s.security.web.FilterChainProxy        : Securing POST /api/v1/auth/login
2026-08-10T22:09:01.805+05:30 DEBUG 9976 --- [BankSystem] [http-nio-3030-exec-1] o.s.security.web.FilterChainProxy        : Secured POST /api/v1/auth/login
2026-08-10T22:09:01.886+05:30  INFO 9976 --- [BankSystem] [http-nio-3030-exec-1] c.e.B.controller.AuthController          : Enter auth controller
2026-08-10T22:09:01.972+05:30  INFO 9976 --- [BankSystem] [http-nio-3030-exec-1] c.e.B.security.CustomUserDetailsService  : load User By Username for
2026-08-10T22:09:02.039+05:30 DEBUG 9976 --- [BankSystem] [http-nio-3030-exec-1] org.hibernate.SQL                        : 
    select
        ue1_0.id,
        ue1_0.active,
        ue1_0.email,
        ue1_0.mobile,
        ue1_0.name,
        ue1_0.password,
        ue1_0.role 
    from
        users ue1_0 
    where
        ue1_0.email=?
2026-08-10T22:09:02.076+05:30  INFO 9976 --- [BankSystem] [http-nio-3030-exec-1] c.e.B.security.CustomUserDetailsService  : Mail of user rohit@gmail.com
2026-08-10T22:09:02.076+05:30  INFO 9976 --- [BankSystem] [http-nio-3030-exec-1] c.e.B.security.CustomUserDetails         : Entered Custom user details class 
2026-08-10T22:09:02.158+05:30 DEBUG 9976 --- [BankSystem] [http-nio-3030-exec-1] o.s.s.a.dao.DaoAuthenticationProvider    : Authenticated user
2026-08-10T22:09:02.158+05:30  INFO 9976 --- [BankSystem] [http-nio-3030-exec-1] c.e.BankSystem.security.JwtService       : Enter for generate token method
2026-08-10T22:09:02.293+05:30 DEBUG 9976 --- [BankSystem] [http-nio-3030-exec-1] o.s.s.w.a.AnonymousAuthenticationFilter  : Set SecurityContextHolder to anonymous SecurityContext
2026-08-10T22:09:34.420+05:30 DEBUG 9976 --- [BankSystem] [http-nio-3030-exec-3] o.s.security.web.FilterChainProxy        : Securing GET /api/v1/accounts/745536941691
2026-08-10T22:09:34.451+05:30  INFO 9976 --- [BankSystem] [http-nio-3030-exec-3] c.e.B.security.CustomUserDetailsService  : load User By Username for
2026-08-10T22:09:34.483+05:30 DEBUG 9976 --- [BankSystem] [http-nio-3030-exec-3] org.hibernate.SQL                        : 
    select
        ue1_0.id,
        ue1_0.active,
        ue1_0.email,
        ue1_0.mobile,
        ue1_0.name,
        ue1_0.password,
        ue1_0.role 
    from
        users ue1_0 
    where
        ue1_0.email=?
2026-08-10T22:09:34.486+05:30  INFO 9976 --- [BankSystem] [http-nio-3030-exec-3] c.e.B.security.CustomUserDetailsService  : Mail of user rohit@gmail.com
2026-08-10T22:09:34.486+05:30  INFO 9976 --- [BankSystem] [http-nio-3030-exec-3] c.e.B.security.CustomUserDetails         : Entered Custom user details class 
2026-08-10T22:09:34.489+05:30 DEBUG 9976 --- [BankSystem] [http-nio-3030-exec-3] o.s.security.web.FilterChainProxy        : Secured GET /api/v1/accounts/745536941691
2026-08-10T22:09:34.496+05:30  INFO 9976 --- [BankSystem] [http-nio-3030-exec-3] c.e.B.service.AccountServiceImpl         : Fetching account with account number: 745536941691
2026-08-10T22:09:34.499+05:30 DEBUG 9976 --- [BankSystem] [http-nio-3030-exec-3] org.hibernate.SQL                        : 
    select
        ae1_0.account_id,
        ae1_0.account_number,
        ae1_0.balance,
        ae1_0.status,
        ae1_0.user_id 
    from
        account ae1_0 
    where
        ae1_0.account_number=?
2026-08-10T22:09:34.520+05:30 DEBUG 9976 --- [BankSystem] [http-nio-3030-exec-3] org.hibernate.SQL                        : 
    select
        ue1_0.id,
        ue1_0.active,
        ue1_0.email,
        ue1_0.mobile,
        ue1_0.name,
        ue1_0.password,
        ue1_0.role 
    from
        users ue1_0 
    where
        ue1_0.id=?
2026-08-10T22:09:34.525+05:30  INFO 9976 --- [BankSystem] [http-nio-3030-exec-3] c.e.B.service.AccountServiceImpl         : Account fetched successfully: 745536941691
2026-08-10T22:10:08.970+05:30 DEBUG 9976 --- [BankSystem] [http-nio-3030-exec-5] o.s.security.web.FilterChainProxy        : Securing GET /api/v1/accounts/745536941691
2026-08-10T22:10:08.970+05:30 DEBUG 9976 --- [BankSystem] [http-nio-3030-exec-5] o.s.s.w.a.AnonymousAuthenticationFilter  : Set SecurityContextHolder to anonymous SecurityContext
2026-08-10T22:10:08.992+05:30 DEBUG 9976 --- [BankSystem] [http-nio-3030-exec-5] o.s.s.w.s.HttpSessionRequestCache        : Saved request http://localhost:3030/api/v1/accounts/745536941691?continue to session
2026-08-10T22:10:08.993+05:30 DEBUG 9976 --- [BankSystem] [http-nio-3030-exec-5] o.s.s.w.a.Http403ForbiddenEntryPoint     : Pre-authenticated entry point called. Rejecting access
2026-08-10T22:10:09.007+05:30 DEBUG 9976 --- [BankSystem] [http-nio-3030-exec-5] o.s.security.web.FilterChainProxy        : Securing GET /error
2026-08-10T22:10:09.009+05:30 DEBUG 9976 --- [BankSystem] [http-nio-3030-exec-5] o.s.s.w.a.AnonymousAuthenticationFilter  : Set SecurityContextHolder to anonymous SecurityContext
2026-08-10T22:10:09.010+05:30 DEBUG 9976 --- [BankSystem] [http-nio-3030-exec-5] o.s.s.w.s.HttpSessionRequestCache        : Saved request http://localhost:3030/error?continue to session
2026-08-10T22:10:09.010+05:30 DEBUG 9976 --- [BankSystem] [http-nio-3030-exec-5] o.s.s.w.a.Http403ForbiddenEntryPoint     : Pre-authenticated entry point called. Rejecting access
2026-08-10T22:14:02.912+05:30  INFO 9976 --- [BankSystem] [File Watcher] rtingClassPathChangeChangedEventListener : Restarting due to 1 class path change (0 additions, 0 deletions, 1 modification)
2026-08-10T22:14:02.917+05:30  INFO 9976 --- [BankSystem] [Thread-5] o.s.b.w.e.tomcat.GracefulShutdown        : Commencing graceful shutdown. Waiting for active requests to complete
2026-08-10T22:14:02.923+05:30  INFO 9976 --- [BankSystem] [tomcat-shutdown] o.s.b.w.e.tomcat.GracefulShutdown        : Graceful shutdown complete
2026-08-10T22:14:02.929+05:30  INFO 9976 --- [BankSystem] [Thread-5] j.LocalContainerEntityManagerFactoryBean : Closing JPA EntityManagerFactory for persistence unit 'default'
2026-08-10T22:14:02.934+05:30  INFO 9976 --- [BankSystem] [Thread-5] com.zaxxer.hikari.HikariDataSource       : HikariPool-1 - Shutdown initiated...
2026-08-10T22:14:02.939+05:30  INFO 9976 --- [BankSystem] [Thread-5] com.zaxxer.hikari.HikariDataSource       : HikariPool-1 - Shutdown completed.
2026-08-10T22:14:03.073+05:30  INFO 9976 --- [BankSystem] [restartedMain] c.e.BankSystem.BankSystemApplication     : Starting BankSystemApplication using Java 21.0.9 with PID 9976 (C:\Users\biraj\spring boot workspace\BankSystem\target\classes started by biraj in C:\Users\biraj\spring boot workspace\BankSystem)
2026-08-10T22:14:03.074+05:30  INFO 9976 --- [BankSystem] [restartedMain] c.e.BankSystem.BankSystemApplication     : No active profile set, falling back to 1 default profile: "default"
2026-08-10T22:14:03.428+05:30  INFO 9976 --- [BankSystem] [restartedMain] .s.d.r.c.RepositoryConfigurationDelegate : Bootstrapping Spring Data JPA repositories in DEFAULT mode.
2026-08-10T22:14:03.453+05:30  INFO 9976 --- [BankSystem] [restartedMain] .s.d.r.c.RepositoryConfigurationDelegate : Finished Spring Data repository scanning in 23 ms. Found 3 JPA repository interfaces.
2026-08-10T22:14:03.581+05:30  INFO 9976 --- [BankSystem] [restartedMain] o.s.b.w.embedded.tomcat.TomcatWebServer  : Tomcat initialized with port 3030 (http)
2026-08-10T22:14:03.582+05:30  INFO 9976 --- [BankSystem] [restartedMain] o.apache.catalina.core.StandardService   : Starting service [Tomcat]
2026-08-10T22:14:03.582+05:30  INFO 9976 --- [BankSystem] [restartedMain] o.apache.catalina.core.StandardEngine    : Starting Servlet engine: [Apache Tomcat/10.1.42]
2026-08-10T22:14:03.611+05:30  INFO 9976 --- [BankSystem] [restartedMain] o.a.c.c.C.[Tomcat].[localhost].[/]       : Initializing Spring embedded WebApplicationContext
2026-08-10T22:14:03.611+05:30  INFO 9976 --- [BankSystem] [restartedMain] w.s.c.ServletWebServerApplicationContext : Root WebApplicationContext: initialization completed in 531 ms
2026-08-10T22:14:03.650+05:30  INFO 9976 --- [BankSystem] [restartedMain] o.hibernate.jpa.internal.util.LogHelper  : HHH000204: Processing PersistenceUnitInfo [name: default]
2026-08-10T22:14:03.656+05:30  INFO 9976 --- [BankSystem] [restartedMain] o.h.c.internal.RegionFactoryInitiator    : HHH000026: Second-level cache disabled
2026-08-10T22:14:03.670+05:30  INFO 9976 --- [BankSystem] [restartedMain] o.s.o.j.p.SpringPersistenceUnitInfo      : No LoadTimeWeaver setup: ignoring JPA class transformer
2026-08-10T22:14:03.672+05:30  INFO 9976 --- [BankSystem] [restartedMain] com.zaxxer.hikari.HikariDataSource       : HikariPool-2 - Starting...
2026-08-10T22:14:03.726+05:30  INFO 9976 --- [BankSystem] [restartedMain] com.zaxxer.hikari.pool.HikariPool        : HikariPool-2 - Added connection org.postgresql.jdbc.PgConnection@66b7cd0e
2026-08-10T22:14:03.726+05:30  INFO 9976 --- [BankSystem] [restartedMain] com.zaxxer.hikari.HikariDataSource       : HikariPool-2 - Start completed.
2026-08-10T22:14:03.742+05:30  WARN 9976 --- [BankSystem] [restartedMain] org.hibernate.orm.deprecation            : HHH90000025: PostgreSQLDialect does not need to be specified explicitly using 'hibernate.dialect' (remove the property setting and it will be selected by default)
2026-08-10T22:14:03.745+05:30  INFO 9976 --- [BankSystem] [restartedMain] org.hibernate.orm.connections.pooling    : HHH10001005: Database info:
	Database JDBC URL [Connecting through datasource 'HikariDataSource (HikariPool-2)']
	Database driver: undefined/unknown
	Database version: 18.4
	Autocommit mode: undefined/unknown
	Isolation level: undefined/unknown
	Minimum pool size: undefined/unknown
	Maximum pool size: undefined/unknown
2026-08-10T22:14:03.920+05:30  INFO 9976 --- [BankSystem] [restartedMain] o.h.e.t.j.p.i.JtaPlatformInitiator       : HHH000489: No JTA platform available (set 'hibernate.transaction.jta.platform' to enable JTA platform integration)
2026-08-10T22:14:04.119+05:30  INFO 9976 --- [BankSystem] [restartedMain] j.LocalContainerEntityManagerFactoryBean : Initialized JPA EntityManagerFactory for persistence unit 'default'
2026-08-10T22:14:04.235+05:30  INFO 9976 --- [BankSystem] [restartedMain] eAuthenticationProviderManagerConfigurer : Global AuthenticationManager configured with AuthenticationProvider bean with name authenticationProvider
2026-08-10T22:14:04.236+05:30  WARN 9976 --- [BankSystem] [restartedMain] r$InitializeUserDetailsManagerConfigurer : Global AuthenticationManager configured with an AuthenticationProvider bean. UserDetailsService beans will not be used by Spring Security for automatically configuring username/password login. Consider removing the AuthenticationProvider bean. Alternatively, consider using the UserDetailsService in a manually instantiated DaoAuthenticationProvider. If the current configuration is intentional, to turn off this warning, increase the logging level of 'org.springframework.security.config.annotation.authentication.configuration.InitializeUserDetailsBeanManagerConfigurer' to ERROR
2026-08-10T22:14:04.316+05:30  WARN 9976 --- [BankSystem] [restartedMain] JpaBaseConfiguration$JpaWebConfiguration : spring.jpa.open-in-view is enabled by default. Therefore, database queries may be performed during view rendering. Explicitly configure spring.jpa.open-in-view to disable this warning
2026-08-10T22:14:04.419+05:30 DEBUG 9976 --- [BankSystem] [restartedMain] o.s.s.web.DefaultSecurityFilterChain     : Will secure any request with filters: DisableEncodeUrlFilter, WebAsyncManagerIntegrationFilter, SecurityContextHolderFilter, HeaderWriterFilter, LogoutFilter, JwtAuthenticationFilter, RequestCacheAwareFilter, SecurityContextHolderAwareRequestFilter, AnonymousAuthenticationFilter, ExceptionTranslationFilter, AuthorizationFilter
2026-08-10T22:14:04.516+05:30  INFO 9976 --- [BankSystem] [restartedMain] o.s.b.d.a.OptionalLiveReloadServer       : LiveReload server is running on port 35729
2026-08-10T22:14:04.531+05:30  INFO 9976 --- [BankSystem] [restartedMain] o.s.b.w.embedded.tomcat.TomcatWebServer  : Tomcat started on port 3030 (http) with context path '/'
2026-08-10T22:14:04.536+05:30  INFO 9976 --- [BankSystem] [restartedMain] c.e.BankSystem.BankSystemApplication     : Started BankSystemApplication in 1.5 seconds (process running for 350.908)
2026-08-10T22:14:04.540+05:30  INFO 9976 --- [BankSystem] [restartedMain] .ConditionEvaluationDeltaLoggingListener : Condition evaluation unchanged
2026-08-10T22:14:28.718+05:30  INFO 9976 --- [BankSystem] [http-nio-3030-exec-1] o.a.c.c.C.[Tomcat].[localhost].[/]       : Initializing Spring DispatcherServlet 'dispatcherServlet'
2026-08-10T22:14:28.718+05:30  INFO 9976 --- [BankSystem] [http-nio-3030-exec-1] o.s.web.servlet.DispatcherServlet        : Initializing Servlet 'dispatcherServlet'
2026-08-10T22:14:28.718+05:30  INFO 9976 --- [BankSystem] [http-nio-3030-exec-1] o.s.web.servlet.DispatcherServlet        : Completed initialization in 0 ms
2026-08-10T22:14:28.718+05:30 DEBUG 9976 --- [BankSystem] [http-nio-3030-exec-1] o.s.security.web.FilterChainProxy        : Securing GET /api/v1/accounts/745536941691
2026-08-10T22:14:28.724+05:30  INFO 9976 --- [BankSystem] [http-nio-3030-exec-1] c.e.B.security.CustomUserDetailsService  : load User By Username for
2026-08-10T22:14:28.768+05:30 DEBUG 9976 --- [BankSystem] [http-nio-3030-exec-1] org.hibernate.SQL                        : 
    select
        ue1_0.id,
        ue1_0.active,
        ue1_0.email,
        ue1_0.mobile,
        ue1_0.name,
        ue1_0.password,
        ue1_0.role 
    from
        users ue1_0 
    where
        ue1_0.email=?
2026-08-10T22:14:28.772+05:30  INFO 9976 --- [BankSystem] [http-nio-3030-exec-1] c.e.B.security.CustomUserDetailsService  : Mail of user rohit@gmail.com
2026-08-10T22:14:28.772+05:30  INFO 9976 --- [BankSystem] [http-nio-3030-exec-1] c.e.B.security.CustomUserDetails         : Entered Custom user details class 
2026-08-10T22:14:28.779+05:30 DEBUG 9976 --- [BankSystem] [http-nio-3030-exec-1] o.s.security.web.FilterChainProxy        : Secured GET /api/v1/accounts/745536941691
2026-08-10T22:14:28.782+05:30  INFO 9976 --- [BankSystem] [http-nio-3030-exec-1] c.e.B.service.AccountServiceImpl         : Fetching account with account number: 745536941691
2026-08-10T22:14:28.782+05:30 DEBUG 9976 --- [BankSystem] [http-nio-3030-exec-1] org.hibernate.SQL                        : 
    select
        ae1_0.account_id,
        ae1_0.account_number,
        ae1_0.balance,
        ae1_0.status,
        ae1_0.user_id 
    from
        account ae1_0 
    where
        ae1_0.account_number=?
2026-08-10T22:14:28.788+05:30 DEBUG 9976 --- [BankSystem] [http-nio-3030-exec-1] org.hibernate.SQL                        : 
    select
        ue1_0.id,
        ue1_0.active,
        ue1_0.email,
        ue1_0.mobile,
        ue1_0.name,
        ue1_0.password,
        ue1_0.role 
    from
        users ue1_0 
    where
        ue1_0.id=?
2026-08-10T22:14:28.788+05:30  INFO 9976 --- [BankSystem] [http-nio-3030-exec-1] c.e.B.service.AccountServiceImpl         : Account fetched successfully: 745536941691
2026-08-10T22:14:38.514+05:30 DEBUG 9976 --- [BankSystem] [http-nio-3030-exec-3] o.s.security.web.FilterChainProxy        : Securing GET /api/v1/accounts/745536941691
2026-08-10T22:14:38.514+05:30 DEBUG 9976 --- [BankSystem] [http-nio-3030-exec-3] o.s.s.w.a.AnonymousAuthenticationFilter  : Set SecurityContextHolder to anonymous SecurityContext
2026-08-10T22:14:38.515+05:30 DEBUG 9976 --- [BankSystem] [http-nio-3030-exec-3] o.s.s.w.s.HttpSessionRequestCache        : Saved request http://localhost:3030/api/v1/accounts/745536941691?continue to session
2026-08-10T22:14:38.516+05:30 DEBUG 9976 --- [BankSystem] [http-nio-3030-exec-3] o.s.s.w.a.Http403ForbiddenEntryPoint     : Pre-authenticated entry point called. Rejecting access
2026-08-10T22:14:38.516+05:30 DEBUG 9976 --- [BankSystem] [http-nio-3030-exec-3] o.s.security.web.FilterChainProxy        : Securing GET /error
2026-08-10T22:14:38.518+05:30 DEBUG 9976 --- [BankSystem] [http-nio-3030-exec-3] o.s.s.w.a.AnonymousAuthenticationFilter  : Set SecurityContextHolder to anonymous SecurityContext
2026-08-10T22:14:38.520+05:30 DEBUG 9976 --- [BankSystem] [http-nio-3030-exec-3] o.s.s.w.s.HttpSessionRequestCache        : Saved request http://localhost:3030/error?continue to session
2026-08-10T22:14:38.520+05:30 DEBUG 9976 --- [BankSystem] [http-nio-3030-exec-3] o.s.s.w.a.Http403ForbiddenEntryPoint     : Pre-authenticated entry point called. Rejecting access
2026-08-10T22:14:47.133+05:30 DEBUG 9976 --- [BankSystem] [http-nio-3030-exec-4] o.s.security.web.FilterChainProxy        : Securing GET /api/v1/accounts/745536941691
2026-08-10T22:14:47.134+05:30 DEBUG 9976 --- [BankSystem] [http-nio-3030-exec-4] o.s.s.w.a.AnonymousAuthenticationFilter  : Set SecurityContextHolder to anonymous SecurityContext
2026-08-10T22:14:47.135+05:30 DEBUG 9976 --- [BankSystem] [http-nio-3030-exec-4] o.s.s.w.s.HttpSessionRequestCache        : Saved request http://localhost:3030/api/v1/accounts/745536941691?continue to session
2026-08-10T22:14:47.136+05:30 DEBUG 9976 --- [BankSystem] [http-nio-3030-exec-4] o.s.s.w.a.Http403ForbiddenEntryPoint     : Pre-authenticated entry point called. Rejecting access
2026-08-10T22:14:47.136+05:30 DEBUG 9976 --- [BankSystem] [http-nio-3030-exec-4] o.s.security.web.FilterChainProxy        : Securing GET /error
2026-08-10T22:14:47.138+05:30 DEBUG 9976 --- [BankSystem] [http-nio-3030-exec-4] o.s.s.w.a.AnonymousAuthenticationFilter  : Set SecurityContextHolder to anonymous SecurityContext
2026-08-10T22:14:47.140+05:30 DEBUG 9976 --- [BankSystem] [http-nio-3030-exec-4] o.s.s.w.s.HttpSessionRequestCache        : Saved request http://localhost:3030/error?continue to session
2026-08-10T22:14:47.140+05:30 DEBUG 9976 --- [BankSystem] [http-nio-3030-exec-4] o.s.s.w.a.Http403ForbiddenEntryPoint     : Pre-authenticated entry point called. Rejecting access
2026-08-10T22:14:48.308+05:30 DEBUG 9976 --- [BankSystem] [http-nio-3030-exec-5] o.s.security.web.FilterChainProxy        : Securing GET /api/v1/accounts/745536941691
2026-08-10T22:14:48.308+05:30 DEBUG 9976 --- [BankSystem] [http-nio-3030-exec-5] o.s.s.w.a.AnonymousAuthenticationFilter  : Set SecurityContextHolder to anonymous SecurityContext
2026-08-10T22:14:48.309+05:30 DEBUG 9976 --- [BankSystem] [http-nio-3030-exec-5] o.s.s.w.s.HttpSessionRequestCache        : Saved request http://localhost:3030/api/v1/accounts/745536941691?continue to session
2026-08-10T22:14:48.310+05:30 DEBUG 9976 --- [BankSystem] [http-nio-3030-exec-5] o.s.s.w.a.Http403ForbiddenEntryPoint     : Pre-authenticated entry point called. Rejecting access
2026-08-10T22:14:48.312+05:30 DEBUG 9976 --- [BankSystem] [http-nio-3030-exec-5] o.s.security.web.FilterChainProxy        : Securing GET /error
2026-08-10T22:14:48.313+05:30 DEBUG 9976 --- [BankSystem] [http-nio-3030-exec-5] o.s.s.w.a.AnonymousAuthenticationFilter  : Set SecurityContextHolder to anonymous SecurityContext
2026-08-10T22:14:48.314+05:30 DEBUG 9976 --- [BankSystem] [http-nio-3030-exec-5] o.s.s.w.s.HttpSessionRequestCache        : Saved request http://localhost:3030/error?continue to session
2026-08-10T22:14:48.314+05:30 DEBUG 9976 --- [BankSystem] [http-nio-3030-exec-5] o.s.s.w.a.Http403ForbiddenEntryPoint     : Pre-authenticated entry point called. Rejecting access
2026-08-10T22:20:32.007+05:30 DEBUG 9976 --- [BankSystem] [http-nio-3030-exec-8] o.s.security.web.FilterChainProxy        : Securing GET /api/v1/accounts/745536941691
2026-08-10T22:20:32.019+05:30 DEBUG 9976 --- [BankSystem] [http-nio-3030-exec-8] o.s.s.w.a.AnonymousAuthenticationFilter  : Set SecurityContextHolder to anonymous SecurityContext
2026-08-10T22:20:32.019+05:30 DEBUG 9976 --- [BankSystem] [http-nio-3030-exec-8] o.s.s.w.s.HttpSessionRequestCache        : Saved request http://localhost:3030/api/v1/accounts/745536941691?continue to session
2026-08-10T22:20:32.019+05:30 DEBUG 9976 --- [BankSystem] [http-nio-3030-exec-8] o.s.s.w.a.Http403ForbiddenEntryPoint     : Pre-authenticated entry point called. Rejecting access
2026-08-10T22:20:32.027+05:30 DEBUG 9976 --- [BankSystem] [http-nio-3030-exec-8] o.s.security.web.FilterChainProxy        : Securing GET /error
2026-08-10T22:20:32.027+05:30 DEBUG 9976 --- [BankSystem] [http-nio-3030-exec-8] o.s.s.w.a.AnonymousAuthenticationFilter  : Set SecurityContextHolder to anonymous SecurityContext
2026-08-10T22:20:32.028+05:30 DEBUG 9976 --- [BankSystem] [http-nio-3030-exec-8] o.s.s.w.s.HttpSessionRequestCache        : Saved request http://localhost:3030/error?continue to session
2026-08-10T22:20:32.028+05:30 DEBUG 9976 --- [BankSystem] [http-nio-3030-exec-8] o.s.s.w.a.Http403ForbiddenEntryPoint     : Pre-authenticated entry point called. Rejecting access
2026-08-10T22:20:40.503+05:30 DEBUG 9976 --- [BankSystem] [http-nio-3030-exec-10] o.s.security.web.FilterChainProxy        : Securing GET /api/v1/accounts/745536941691
2026-08-10T22:20:40.514+05:30  INFO 9976 --- [BankSystem] [http-nio-3030-exec-10] c.e.B.security.CustomUserDetailsService  : load User By Username for
2026-08-10T22:20:40.592+05:30 DEBUG 9976 --- [BankSystem] [http-nio-3030-exec-10] org.hibernate.SQL                        : 
    select
        ue1_0.id,
        ue1_0.active,
        ue1_0.email,
        ue1_0.mobile,
        ue1_0.name,
        ue1_0.password,
        ue1_0.role 
    from
        users ue1_0 
    where
        ue1_0.email=?
2026-08-10T22:20:40.634+05:30  INFO 9976 --- [BankSystem] [http-nio-3030-exec-10] c.e.B.security.CustomUserDetailsService  : Mail of user rohit@gmail.com
2026-08-10T22:20:40.635+05:30  INFO 9976 --- [BankSystem] [http-nio-3030-exec-10] c.e.B.security.CustomUserDetails         : Entered Custom user details class 
2026-08-10T22:20:40.639+05:30 DEBUG 9976 --- [BankSystem] [http-nio-3030-exec-10] o.s.security.web.FilterChainProxy        : Secured GET /api/v1/accounts/745536941691
2026-08-10T22:20:40.645+05:30  INFO 9976 --- [BankSystem] [http-nio-3030-exec-10] c.e.B.service.AccountServiceImpl         : Fetching account with account number: 745536941691
2026-08-10T22:20:40.647+05:30 DEBUG 9976 --- [BankSystem] [http-nio-3030-exec-10] org.hibernate.SQL                        : 
    select
        ae1_0.account_id,
        ae1_0.account_number,
        ae1_0.balance,
        ae1_0.status,
        ae1_0.user_id 
    from
        account ae1_0 
    where
        ae1_0.account_number=?
2026-08-10T22:20:40.654+05:30 DEBUG 9976 --- [BankSystem] [http-nio-3030-exec-10] org.hibernate.SQL                        : 
    select
        ue1_0.id,
        ue1_0.active,
        ue1_0.email,
        ue1_0.mobile,
        ue1_0.name,
        ue1_0.password,
        ue1_0.role 
    from
        users ue1_0 
    where
        ue1_0.id=?
2026-08-10T22:20:40.656+05:30  INFO 9976 --- [BankSystem] [http-nio-3030-exec-10] c.e.B.service.AccountServiceImpl         : Account fetched successfully: 745536941691
2026-08-10T22:21:22.900+05:30  INFO 9976 --- [BankSystem] [File Watcher] rtingClassPathChangeChangedEventListener : Restarting due to 1 class path change (0 additions, 0 deletions, 1 modification)
2026-08-10T22:21:22.916+05:30  INFO 9976 --- [BankSystem] [Thread-7] o.s.b.w.e.tomcat.GracefulShutdown        : Commencing graceful shutdown. Waiting for active requests to complete
2026-08-10T22:21:22.929+05:30  INFO 9976 --- [BankSystem] [tomcat-shutdown] o.s.b.w.e.tomcat.GracefulShutdown        : Graceful shutdown complete
2026-08-10T22:21:22.952+05:30  INFO 9976 --- [BankSystem] [Thread-7] j.LocalContainerEntityManagerFactoryBean : Closing JPA EntityManagerFactory for persistence unit 'default'
2026-08-10T22:21:22.970+05:30  INFO 9976 --- [BankSystem] [Thread-7] com.zaxxer.hikari.HikariDataSource       : HikariPool-2 - Shutdown initiated...
2026-08-10T22:21:22.976+05:30  INFO 9976 --- [BankSystem] [Thread-7] com.zaxxer.hikari.HikariDataSource       : HikariPool-2 - Shutdown completed.
2026-08-10T22:21:23.299+05:30  INFO 9976 --- [BankSystem] [restartedMain] c.e.BankSystem.BankSystemApplication     : Starting BankSystemApplication using Java 21.0.9 with PID 9976 (C:\Users\biraj\spring boot workspace\BankSystem\target\classes started by biraj in C:\Users\biraj\spring boot workspace\BankSystem)
2026-08-10T22:21:23.300+05:30  INFO 9976 --- [BankSystem] [restartedMain] c.e.BankSystem.BankSystemApplication     : No active profile set, falling back to 1 default profile: "default"
2026-08-10T22:21:23.844+05:30  INFO 9976 --- [BankSystem] [restartedMain] .s.d.r.c.RepositoryConfigurationDelegate : Bootstrapping Spring Data JPA repositories in DEFAULT mode.
2026-08-10T22:21:23.866+05:30  INFO 9976 --- [BankSystem] [restartedMain] .s.d.r.c.RepositoryConfigurationDelegate : Finished Spring Data repository scanning in 22 ms. Found 3 JPA repository interfaces.
2026-08-10T22:21:24.012+05:30  INFO 9976 --- [BankSystem] [restartedMain] o.s.b.w.embedded.tomcat.TomcatWebServer  : Tomcat initialized with port 3030 (http)
2026-08-10T22:21:24.013+05:30  INFO 9976 --- [BankSystem] [restartedMain] o.apache.catalina.core.StandardService   : Starting service [Tomcat]
2026-08-10T22:21:24.013+05:30  INFO 9976 --- [BankSystem] [restartedMain] o.apache.catalina.core.StandardEngine    : Starting Servlet engine: [Apache Tomcat/10.1.42]
2026-08-10T22:21:24.055+05:30  INFO 9976 --- [BankSystem] [restartedMain] o.a.c.c.C.[Tomcat].[localhost].[/]       : Initializing Spring embedded WebApplicationContext
2026-08-10T22:21:24.055+05:30  INFO 9976 --- [BankSystem] [restartedMain] w.s.c.ServletWebServerApplicationContext : Root WebApplicationContext: initialization completed in 750 ms
2026-08-10T22:21:24.106+05:30  INFO 9976 --- [BankSystem] [restartedMain] o.hibernate.jpa.internal.util.LogHelper  : HHH000204: Processing PersistenceUnitInfo [name: default]
2026-08-10T22:21:24.110+05:30  INFO 9976 --- [BankSystem] [restartedMain] o.h.c.internal.RegionFactoryInitiator    : HHH000026: Second-level cache disabled
2026-08-10T22:21:24.126+05:30  INFO 9976 --- [BankSystem] [restartedMain] o.s.o.j.p.SpringPersistenceUnitInfo      : No LoadTimeWeaver setup: ignoring JPA class transformer
2026-08-10T22:21:24.126+05:30  INFO 9976 --- [BankSystem] [restartedMain] com.zaxxer.hikari.HikariDataSource       : HikariPool-3 - Starting...
2026-08-10T22:21:24.170+05:30  INFO 9976 --- [BankSystem] [restartedMain] com.zaxxer.hikari.pool.HikariPool        : HikariPool-3 - Added connection org.postgresql.jdbc.PgConnection@31be7fc3
2026-08-10T22:21:24.170+05:30  INFO 9976 --- [BankSystem] [restartedMain] com.zaxxer.hikari.HikariDataSource       : HikariPool-3 - Start completed.
2026-08-10T22:21:24.190+05:30  WARN 9976 --- [BankSystem] [restartedMain] org.hibernate.orm.deprecation            : HHH90000025: PostgreSQLDialect does not need to be specified explicitly using 'hibernate.dialect' (remove the property setting and it will be selected by default)
2026-08-10T22:21:24.194+05:30  INFO 9976 --- [BankSystem] [restartedMain] org.hibernate.orm.connections.pooling    : HHH10001005: Database info:
	Database JDBC URL [Connecting through datasource 'HikariDataSource (HikariPool-3)']
	Database driver: undefined/unknown
	Database version: 18.4
	Autocommit mode: undefined/unknown
	Isolation level: undefined/unknown
	Minimum pool size: undefined/unknown
	Maximum pool size: undefined/unknown
2026-08-10T22:21:24.334+05:30  INFO 9976 --- [BankSystem] [restartedMain] o.h.e.t.j.p.i.JtaPlatformInitiator       : HHH000489: No JTA platform available (set 'hibernate.transaction.jta.platform' to enable JTA platform integration)
2026-08-10T22:21:24.539+05:30  INFO 9976 --- [BankSystem] [restartedMain] j.LocalContainerEntityManagerFactoryBean : Initialized JPA EntityManagerFactory for persistence unit 'default'
2026-08-10T22:21:24.619+05:30  INFO 9976 --- [BankSystem] [restartedMain] eAuthenticationProviderManagerConfigurer : Global AuthenticationManager configured with AuthenticationProvider bean with name authenticationProvider
2026-08-10T22:21:24.620+05:30  WARN 9976 --- [BankSystem] [restartedMain] r$InitializeUserDetailsManagerConfigurer : Global AuthenticationManager configured with an AuthenticationProvider bean. UserDetailsService beans will not be used by Spring Security for automatically configuring username/password login. Consider removing the AuthenticationProvider bean. Alternatively, consider using the UserDetailsService in a manually instantiated DaoAuthenticationProvider. If the current configuration is intentional, to turn off this warning, increase the logging level of 'org.springframework.security.config.annotation.authentication.configuration.InitializeUserDetailsBeanManagerConfigurer' to ERROR
2026-08-10T22:21:24.669+05:30  WARN 9976 --- [BankSystem] [restartedMain] JpaBaseConfiguration$JpaWebConfiguration : spring.jpa.open-in-view is enabled by default. Therefore, database queries may be performed during view rendering. Explicitly configure spring.jpa.open-in-view to disable this warning
2026-08-10T22:21:24.735+05:30 DEBUG 9976 --- [BankSystem] [restartedMain] o.s.s.web.DefaultSecurityFilterChain     : Will secure any request with filters: DisableEncodeUrlFilter, WebAsyncManagerIntegrationFilter, SecurityContextHolderFilter, HeaderWriterFilter, LogoutFilter, JwtAuthenticationFilter, RequestCacheAwareFilter, SecurityContextHolderAwareRequestFilter, AnonymousAuthenticationFilter, ExceptionTranslationFilter, AuthorizationFilter
2026-08-10T22:21:24.812+05:30  INFO 9976 --- [BankSystem] [restartedMain] o.s.b.d.a.OptionalLiveReloadServer       : LiveReload server is running on port 35729
2026-08-10T22:21:24.827+05:30  INFO 9976 --- [BankSystem] [restartedMain] o.s.b.w.embedded.tomcat.TomcatWebServer  : Tomcat started on port 3030 (http) with context path '/'
2026-08-10T22:21:24.832+05:30  INFO 9976 --- [BankSystem] [restartedMain] c.e.BankSystem.BankSystemApplication     : Started BankSystemApplication in 1.592 seconds (process running for 791.203)
2026-08-10T22:21:24.835+05:30  INFO 9976 --- [BankSystem] [restartedMain] .ConditionEvaluationDeltaLoggingListener : Condition evaluation unchanged
2026-08-10T22:21:33.886+05:30  INFO 9976 --- [BankSystem] [http-nio-3030-exec-1] o.a.c.c.C.[Tomcat].[localhost].[/]       : Initializing Spring DispatcherServlet 'dispatcherServlet'
2026-08-10T22:21:33.886+05:30  INFO 9976 --- [BankSystem] [http-nio-3030-exec-1] o.s.web.servlet.DispatcherServlet        : Initializing Servlet 'dispatcherServlet'
2026-08-10T22:21:33.888+05:30  INFO 9976 --- [BankSystem] [http-nio-3030-exec-1] o.s.web.servlet.DispatcherServlet        : Completed initialization in 2 ms
2026-08-10T22:21:33.890+05:30 DEBUG 9976 --- [BankSystem] [http-nio-3030-exec-1] o.s.security.web.FilterChainProxy        : Securing GET /api/v1/accounts/745536941691
2026-08-10T22:21:33.891+05:30 DEBUG 9976 --- [BankSystem] [http-nio-3030-exec-1] o.s.s.w.a.AnonymousAuthenticationFilter  : Set SecurityContextHolder to anonymous SecurityContext
2026-08-10T22:21:33.893+05:30 DEBUG 9976 --- [BankSystem] [http-nio-3030-exec-1] o.s.s.w.s.HttpSessionRequestCache        : Saved request http://localhost:3030/api/v1/accounts/745536941691?continue to session
2026-08-10T22:21:33.894+05:30 DEBUG 9976 --- [BankSystem] [http-nio-3030-exec-1] o.s.s.w.a.Http403ForbiddenEntryPoint     : Pre-authenticated entry point called. Rejecting access
2026-08-10T22:21:33.894+05:30 DEBUG 9976 --- [BankSystem] [http-nio-3030-exec-1] o.s.security.web.FilterChainProxy        : Securing GET /error
2026-08-10T22:21:33.895+05:30 DEBUG 9976 --- [BankSystem] [http-nio-3030-exec-1] o.s.s.w.a.AnonymousAuthenticationFilter  : Set SecurityContextHolder to anonymous SecurityContext
2026-08-10T22:21:33.895+05:30 DEBUG 9976 --- [BankSystem] [http-nio-3030-exec-1] o.s.s.w.s.HttpSessionRequestCache        : Saved request http://localhost:3030/error?continue to session
2026-08-10T22:21:33.896+05:30 DEBUG 9976 --- [BankSystem] [http-nio-3030-exec-1] o.s.s.w.a.Http403ForbiddenEntryPoint     : Pre-authenticated entry point called. Rejecting access
2026-08-10T22:23:38.768+05:30 DEBUG 9976 --- [BankSystem] [http-nio-3030-exec-3] o.s.security.web.FilterChainProxy        : Securing GET /v3/api-docs
2026-08-10T22:23:38.769+05:30 DEBUG 9976 --- [BankSystem] [http-nio-3030-exec-3] o.s.security.web.FilterChainProxy        : Secured GET /v3/api-docs
2026-08-10T22:23:39.137+05:30  INFO 9976 --- [BankSystem] [http-nio-3030-exec-3] o.springdoc.api.AbstractOpenApiResource  : Init duration for springdoc-openapi is: 352 ms
2026-08-10T22:23:39.167+05:30 DEBUG 9976 --- [BankSystem] [http-nio-3030-exec-3] o.s.s.w.a.AnonymousAuthenticationFilter  : Set SecurityContextHolder to anonymous SecurityContext
2026-08-10T22:23:39.228+05:30 DEBUG 9976 --- [BankSystem] [http-nio-3030-exec-4] o.s.security.web.FilterChainProxy        : Securing GET /favicon.ico
2026-08-10T22:23:39.229+05:30 DEBUG 9976 --- [BankSystem] [http-nio-3030-exec-4] o.s.s.w.a.AnonymousAuthenticationFilter  : Set SecurityContextHolder to anonymous SecurityContext
2026-08-10T22:23:39.229+05:30 DEBUG 9976 --- [BankSystem] [http-nio-3030-exec-4] o.s.s.w.a.Http403ForbiddenEntryPoint     : Pre-authenticated entry point called. Rejecting access
2026-08-10T22:23:39.230+05:30 DEBUG 9976 --- [BankSystem] [http-nio-3030-exec-4] o.s.security.web.FilterChainProxy        : Securing GET /error
2026-08-10T22:23:39.230+05:30 DEBUG 9976 --- [BankSystem] [http-nio-3030-exec-4] o.s.s.w.a.AnonymousAuthenticationFilter  : Set SecurityContextHolder to anonymous SecurityContext
2026-08-10T22:23:39.231+05:30 DEBUG 9976 --- [BankSystem] [http-nio-3030-exec-4] o.s.s.w.s.HttpSessionRequestCache        : Saved request http://localhost:3030/error?continue to session
2026-08-10T22:23:39.231+05:30 DEBUG 9976 --- [BankSystem] [http-nio-3030-exec-4] o.s.s.w.a.Http403ForbiddenEntryPoint     : Pre-authenticated entry point called. Rejecting access
2026-08-10T22:26:41.913+05:30 DEBUG 9976 --- [BankSystem] [http-nio-3030-exec-7] o.s.security.web.FilterChainProxy        : Securing GET /swagger-ui/index.html
2026-08-10T22:26:41.919+05:30 DEBUG 9976 --- [BankSystem] [http-nio-3030-exec-7] o.s.security.web.FilterChainProxy        : Secured GET /swagger-ui/index.html
2026-08-10T22:26:41.983+05:30 DEBUG 9976 --- [BankSystem] [http-nio-3030-exec-7] o.s.s.w.a.AnonymousAuthenticationFilter  : Set SecurityContextHolder to anonymous SecurityContext
2026-08-10T22:26:42.023+05:30 DEBUG 9976 --- [BankSystem] [http-nio-3030-exec-8] o.s.security.web.FilterChainProxy        : Securing GET /swagger-ui/swagger-ui.css
2026-08-10T22:26:42.024+05:30 DEBUG 9976 --- [BankSystem] [http-nio-3030-exec-8] o.s.security.web.FilterChainProxy        : Secured GET /swagger-ui/swagger-ui.css
2026-08-10T22:26:42.027+05:30 DEBUG 9976 --- [BankSystem] [http-nio-3030-exec-2] o.s.security.web.FilterChainProxy        : Securing GET /swagger-ui/swagger-initializer.js
2026-08-10T22:26:42.028+05:30 DEBUG 9976 --- [BankSystem] [http-nio-3030-exec-2] o.s.security.web.FilterChainProxy        : Secured GET /swagger-ui/swagger-initializer.js
2026-08-10T22:26:42.028+05:30 DEBUG 9976 --- [BankSystem] [http-nio-3030-exec-10] o.s.security.web.FilterChainProxy        : Securing GET /swagger-ui/swagger-ui-bundle.js
2026-08-10T22:26:42.028+05:30 DEBUG 9976 --- [BankSystem] [http-nio-3030-exec-9] o.s.security.web.FilterChainProxy        : Securing GET /swagger-ui/index.css
2026-08-10T22:26:42.029+05:30 DEBUG 9976 --- [BankSystem] [http-nio-3030-exec-10] o.s.security.web.FilterChainProxy        : Secured GET /swagger-ui/swagger-ui-bundle.js
2026-08-10T22:26:42.029+05:30 DEBUG 9976 --- [BankSystem] [http-nio-3030-exec-9] o.s.security.web.FilterChainProxy        : Secured GET /swagger-ui/index.css
2026-08-10T22:26:42.028+05:30 DEBUG 9976 --- [BankSystem] [http-nio-3030-exec-1] o.s.security.web.FilterChainProxy        : Securing GET /swagger-ui/swagger-ui-standalone-preset.js
2026-08-10T22:26:42.030+05:30 DEBUG 9976 --- [BankSystem] [http-nio-3030-exec-1] o.s.security.web.FilterChainProxy        : Secured GET /swagger-ui/swagger-ui-standalone-preset.js
2026-08-10T22:26:42.035+05:30 DEBUG 9976 --- [BankSystem] [http-nio-3030-exec-8] o.s.s.w.a.AnonymousAuthenticationFilter  : Set SecurityContextHolder to anonymous SecurityContext
2026-08-10T22:26:42.035+05:30 DEBUG 9976 --- [BankSystem] [http-nio-3030-exec-9] o.s.s.w.a.AnonymousAuthenticationFilter  : Set SecurityContextHolder to anonymous SecurityContext
2026-08-10T22:26:42.043+05:30 DEBUG 9976 --- [BankSystem] [http-nio-3030-exec-1] o.s.s.w.a.AnonymousAuthenticationFilter  : Set SecurityContextHolder to anonymous SecurityContext
2026-08-10T22:26:42.056+05:30 DEBUG 9976 --- [BankSystem] [http-nio-3030-exec-10] o.s.s.w.a.AnonymousAuthenticationFilter  : Set SecurityContextHolder to anonymous SecurityContext
2026-08-10T22:26:42.061+05:30 DEBUG 9976 --- [BankSystem] [http-nio-3030-exec-2] o.s.s.w.a.AnonymousAuthenticationFilter  : Set SecurityContextHolder to anonymous SecurityContext
2026-08-10T22:26:42.171+05:30 DEBUG 9976 --- [BankSystem] [http-nio-3030-exec-3] o.s.security.web.FilterChainProxy        : Securing GET /v3/api-docs/swagger-config
2026-08-10T22:26:42.172+05:30 DEBUG 9976 --- [BankSystem] [http-nio-3030-exec-3] o.s.security.web.FilterChainProxy        : Secured GET /v3/api-docs/swagger-config
2026-08-10T22:26:42.174+05:30 DEBUG 9976 --- [BankSystem] [http-nio-3030-exec-4] o.s.security.web.FilterChainProxy        : Securing GET /swagger-ui/favicon-32x32.png
2026-08-10T22:26:42.176+05:30 DEBUG 9976 --- [BankSystem] [http-nio-3030-exec-4] o.s.security.web.FilterChainProxy        : Secured GET /swagger-ui/favicon-32x32.png
2026-08-10T22:26:42.193+05:30 DEBUG 9976 --- [BankSystem] [http-nio-3030-exec-4] o.s.s.w.a.AnonymousAuthenticationFilter  : Set SecurityContextHolder to anonymous SecurityContext
2026-08-10T22:26:42.198+05:30 DEBUG 9976 --- [BankSystem] [http-nio-3030-exec-3] o.s.s.w.a.AnonymousAuthenticationFilter  : Set SecurityContextHolder to anonymous SecurityContext
2026-08-10T22:26:42.214+05:30 DEBUG 9976 --- [BankSystem] [http-nio-3030-exec-5] o.s.security.web.FilterChainProxy        : Securing GET /v3/api-docs
2026-08-10T22:26:42.215+05:30 DEBUG 9976 --- [BankSystem] [http-nio-3030-exec-5] o.s.security.web.FilterChainProxy        : Secured GET /v3/api-docs
2026-08-10T22:26:42.225+05:30 DEBUG 9976 --- [BankSystem] [http-nio-3030-exec-5] o.s.s.w.a.AnonymousAuthenticationFilter  : Set SecurityContextHolder to anonymous SecurityContext
2026-08-10T22:27:04.328+05:30  INFO 10216 --- [BankSystem] [restartedMain] c.e.BankSystem.BankSystemApplication     : Starting BankSystemApplication using Java 21.0.9 with PID 10216 (C:\Users\biraj\spring boot workspace\BankSystem\target\classes started by biraj in C:\Users\biraj\spring boot workspace\BankSystem)
2026-08-10T22:27:04.331+05:30  INFO 10216 --- [BankSystem] [restartedMain] c.e.BankSystem.BankSystemApplication     : No active profile set, falling back to 1 default profile: "default"
2026-08-10T22:27:04.395+05:30  INFO 10216 --- [BankSystem] [restartedMain] .e.DevToolsPropertyDefaultsPostProcessor : Devtools property defaults active! Set 'spring.devtools.add-properties' to 'false' to disable
2026-08-10T22:27:04.395+05:30  INFO 10216 --- [BankSystem] [restartedMain] .e.DevToolsPropertyDefaultsPostProcessor : For additional web related logging consider setting the 'logging.level.web' property to 'DEBUG'
2026-08-10T22:27:05.661+05:30  INFO 10216 --- [BankSystem] [restartedMain] .s.d.r.c.RepositoryConfigurationDelegate : Bootstrapping Spring Data JPA repositories in DEFAULT mode.
2026-08-10T22:27:05.762+05:30  INFO 10216 --- [BankSystem] [restartedMain] .s.d.r.c.RepositoryConfigurationDelegate : Finished Spring Data repository scanning in 79 ms. Found 3 JPA repository interfaces.
2026-08-10T22:27:06.785+05:30  INFO 10216 --- [BankSystem] [restartedMain] o.s.b.w.embedded.tomcat.TomcatWebServer  : Tomcat initialized with port 3030 (http)
2026-08-10T22:27:06.807+05:30  INFO 10216 --- [BankSystem] [restartedMain] o.apache.catalina.core.StandardService   : Starting service [Tomcat]
2026-08-10T22:27:06.808+05:30  INFO 10216 --- [BankSystem] [restartedMain] o.apache.catalina.core.StandardEngine    : Starting Servlet engine: [Apache Tomcat/10.1.42]
2026-08-10T22:27:06.877+05:30  INFO 10216 --- [BankSystem] [restartedMain] o.a.c.c.C.[Tomcat].[localhost].[/]       : Initializing Spring embedded WebApplicationContext
2026-08-10T22:27:06.878+05:30  INFO 10216 --- [BankSystem] [restartedMain] w.s.c.ServletWebServerApplicationContext : Root WebApplicationContext: initialization completed in 2482 ms
2026-08-10T22:27:07.162+05:30  INFO 10216 --- [BankSystem] [restartedMain] o.hibernate.jpa.internal.util.LogHelper  : HHH000204: Processing PersistenceUnitInfo [name: default]
2026-08-10T22:27:07.272+05:30  INFO 10216 --- [BankSystem] [restartedMain] org.hibernate.Version                    : HHH000412: Hibernate ORM core version 6.6.18.Final
2026-08-10T22:27:07.320+05:30  INFO 10216 --- [BankSystem] [restartedMain] o.h.c.internal.RegionFactoryInitiator    : HHH000026: Second-level cache disabled
2026-08-10T22:27:07.616+05:30  INFO 10216 --- [BankSystem] [restartedMain] o.s.o.j.p.SpringPersistenceUnitInfo      : No LoadTimeWeaver setup: ignoring JPA class transformer
2026-08-10T22:27:07.655+05:30  INFO 10216 --- [BankSystem] [restartedMain] com.zaxxer.hikari.HikariDataSource       : HikariPool-1 - Starting...
2026-08-10T22:27:07.912+05:30  INFO 10216 --- [BankSystem] [restartedMain] com.zaxxer.hikari.pool.HikariPool        : HikariPool-1 - Added connection org.postgresql.jdbc.PgConnection@3d5d77eb
2026-08-10T22:27:07.915+05:30  INFO 10216 --- [BankSystem] [restartedMain] com.zaxxer.hikari.HikariDataSource       : HikariPool-1 - Start completed.
2026-08-10T22:27:07.958+05:30  WARN 10216 --- [BankSystem] [restartedMain] org.hibernate.orm.deprecation            : HHH90000025: PostgreSQLDialect does not need to be specified explicitly using 'hibernate.dialect' (remove the property setting and it will be selected by default)
2026-08-10T22:27:07.984+05:30  INFO 10216 --- [BankSystem] [restartedMain] org.hibernate.orm.connections.pooling    : HHH10001005: Database info:
	Database JDBC URL [Connecting through datasource 'HikariDataSource (HikariPool-1)']
	Database driver: undefined/unknown
	Database version: 18.4
	Autocommit mode: undefined/unknown
	Isolation level: undefined/unknown
	Minimum pool size: undefined/unknown
	Maximum pool size: undefined/unknown
2026-08-10T22:27:09.060+05:30  INFO 10216 --- [BankSystem] [restartedMain] o.h.e.t.j.p.i.JtaPlatformInitiator       : HHH000489: No JTA platform available (set 'hibernate.transaction.jta.platform' to enable JTA platform integration)
2026-08-10T22:27:09.256+05:30  INFO 10216 --- [BankSystem] [restartedMain] j.LocalContainerEntityManagerFactoryBean : Initialized JPA EntityManagerFactory for persistence unit 'default'
2026-08-10T22:27:09.717+05:30  INFO 10216 --- [BankSystem] [restartedMain] eAuthenticationProviderManagerConfigurer : Global AuthenticationManager configured with AuthenticationProvider bean with name authenticationProvider
2026-08-10T22:27:09.717+05:30  WARN 10216 --- [BankSystem] [restartedMain] r$InitializeUserDetailsManagerConfigurer : Global AuthenticationManager configured with an AuthenticationProvider bean. UserDetailsService beans will not be used by Spring Security for automatically configuring username/password login. Consider removing the AuthenticationProvider bean. Alternatively, consider using the UserDetailsService in a manually instantiated DaoAuthenticationProvider. If the current configuration is intentional, to turn off this warning, increase the logging level of 'org.springframework.security.config.annotation.authentication.configuration.InitializeUserDetailsBeanManagerConfigurer' to ERROR
2026-08-10T22:27:09.767+05:30  INFO 10216 --- [BankSystem] [restartedMain] o.s.d.j.r.query.QueryEnhancerFactory     : Hibernate is in classpath; If applicable, HQL parser will be used.
2026-08-10T22:27:10.571+05:30  WARN 10216 --- [BankSystem] [restartedMain] JpaBaseConfiguration$JpaWebConfiguration : spring.jpa.open-in-view is enabled by default. Therefore, database queries may be performed during view rendering. Explicitly configure spring.jpa.open-in-view to disable this warning
2026-08-10T22:27:11.075+05:30 DEBUG 10216 --- [BankSystem] [restartedMain] o.s.s.web.DefaultSecurityFilterChain     : Will secure any request with filters: DisableEncodeUrlFilter, WebAsyncManagerIntegrationFilter, SecurityContextHolderFilter, HeaderWriterFilter, LogoutFilter, JwtAuthenticationFilter, RequestCacheAwareFilter, SecurityContextHolderAwareRequestFilter, AnonymousAuthenticationFilter, ExceptionTranslationFilter, AuthorizationFilter
2026-08-10T22:27:11.489+05:30  INFO 10216 --- [BankSystem] [restartedMain] o.s.b.d.a.OptionalLiveReloadServer       : LiveReload server is running on port 35729
2026-08-10T22:27:11.517+05:30  INFO 10216 --- [BankSystem] [restartedMain] o.s.b.w.embedded.tomcat.TomcatWebServer  : Tomcat started on port 3030 (http) with context path '/'
2026-08-10T22:27:11.526+05:30  INFO 10216 --- [BankSystem] [restartedMain] c.e.BankSystem.BankSystemApplication     : Started BankSystemApplication in 7.747 seconds (process running for 8.24)
2026-08-10T22:31:03.926+05:30  INFO 10216 --- [BankSystem] [http-nio-3030-exec-1] o.a.c.c.C.[Tomcat].[localhost].[/]       : Initializing Spring DispatcherServlet 'dispatcherServlet'
2026-08-10T22:31:03.927+05:30  INFO 10216 --- [BankSystem] [http-nio-3030-exec-1] o.s.web.servlet.DispatcherServlet        : Initializing Servlet 'dispatcherServlet'
2026-08-10T22:31:03.929+05:30  INFO 10216 --- [BankSystem] [http-nio-3030-exec-1] o.s.web.servlet.DispatcherServlet        : Completed initialization in 2 ms
2026-08-10T22:31:03.947+05:30 DEBUG 10216 --- [BankSystem] [http-nio-3030-exec-1] o.s.security.web.FilterChainProxy        : Securing POST /api/v1/auth/login
2026-08-10T22:31:03.954+05:30 DEBUG 10216 --- [BankSystem] [http-nio-3030-exec-1] o.s.security.web.FilterChainProxy        : Secured POST /api/v1/auth/login
2026-08-10T22:31:04.017+05:30  INFO 10216 --- [BankSystem] [http-nio-3030-exec-1] c.e.B.controller.AuthController          : Enter auth controller
2026-08-10T22:31:04.078+05:30  INFO 10216 --- [BankSystem] [http-nio-3030-exec-1] c.e.B.security.CustomUserDetailsService  : load User By Username for
2026-08-10T22:31:04.139+05:30 DEBUG 10216 --- [BankSystem] [http-nio-3030-exec-1] org.hibernate.SQL                        : 
    select
        ue1_0.id,
        ue1_0.active,
        ue1_0.email,
        ue1_0.mobile,
        ue1_0.name,
        ue1_0.password,
        ue1_0.role 
    from
        users ue1_0 
    where
        ue1_0.email=?
2026-08-10T22:31:04.181+05:30  INFO 10216 --- [BankSystem] [http-nio-3030-exec-1] c.e.B.security.CustomUserDetailsService  : Mail of user rohit@gmail.com
2026-08-10T22:31:04.181+05:30  INFO 10216 --- [BankSystem] [http-nio-3030-exec-1] c.e.B.security.CustomUserDetails         : Entered Custom user details class 
2026-08-10T22:31:04.237+05:30 DEBUG 10216 --- [BankSystem] [http-nio-3030-exec-1] o.s.s.a.dao.DaoAuthenticationProvider    : Failed to authenticate since password does not match stored value
2026-08-10T22:31:04.238+05:30 DEBUG 10216 --- [BankSystem] [http-nio-3030-exec-1] o.s.s.authentication.ProviderManager     : Authentication failed with provider DaoAuthenticationProvider since Bad credentials
2026-08-10T22:31:04.241+05:30 DEBUG 10216 --- [BankSystem] [http-nio-3030-exec-1] o.s.s.w.a.AnonymousAuthenticationFilter  : Set SecurityContextHolder to anonymous SecurityContext
2026-08-10T22:31:04.257+05:30 DEBUG 10216 --- [BankSystem] [http-nio-3030-exec-1] o.s.s.w.s.HttpSessionRequestCache        : Saved request http://localhost:3030/api/v1/auth/login?continue to session
2026-08-10T22:31:04.258+05:30 DEBUG 10216 --- [BankSystem] [http-nio-3030-exec-1] o.s.s.w.a.Http403ForbiddenEntryPoint     : Pre-authenticated entry point called. Rejecting access
2026-08-10T22:31:04.263+05:30 DEBUG 10216 --- [BankSystem] [http-nio-3030-exec-1] o.s.security.web.FilterChainProxy        : Securing POST /error
2026-08-10T22:31:04.264+05:30 DEBUG 10216 --- [BankSystem] [http-nio-3030-exec-1] o.s.s.w.a.AnonymousAuthenticationFilter  : Set SecurityContextHolder to anonymous SecurityContext
2026-08-10T22:31:04.266+05:30 DEBUG 10216 --- [BankSystem] [http-nio-3030-exec-1] o.s.s.w.s.HttpSessionRequestCache        : Saved request http://localhost:3030/error?continue to session
2026-08-10T22:31:04.266+05:30 DEBUG 10216 --- [BankSystem] [http-nio-3030-exec-1] o.s.s.w.a.Http403ForbiddenEntryPoint     : Pre-authenticated entry point called. Rejecting access
2026-08-10T22:31:18.907+05:30 DEBUG 10216 --- [BankSystem] [http-nio-3030-exec-2] o.s.security.web.FilterChainProxy        : Securing POST /api/v1/auth/login
2026-08-10T22:31:18.907+05:30 DEBUG 10216 --- [BankSystem] [http-nio-3030-exec-2] o.s.security.web.FilterChainProxy        : Secured POST /api/v1/auth/login
2026-08-10T22:31:18.909+05:30  INFO 10216 --- [BankSystem] [http-nio-3030-exec-2] c.e.B.controller.AuthController          : Enter auth controller
2026-08-10T22:31:18.909+05:30  INFO 10216 --- [BankSystem] [http-nio-3030-exec-2] c.e.B.security.CustomUserDetailsService  : load User By Username for
2026-08-10T22:31:18.910+05:30 DEBUG 10216 --- [BankSystem] [http-nio-3030-exec-2] org.hibernate.SQL                        : 
    select
        ue1_0.id,
        ue1_0.active,
        ue1_0.email,
        ue1_0.mobile,
        ue1_0.name,
        ue1_0.password,
        ue1_0.role 
    from
        users ue1_0 
    where
        ue1_0.email=?
2026-08-10T22:31:18.910+05:30  INFO 10216 --- [BankSystem] [http-nio-3030-exec-2] c.e.B.security.CustomUserDetailsService  : Mail of user rohit@gmail.com
2026-08-10T22:31:18.910+05:30  INFO 10216 --- [BankSystem] [http-nio-3030-exec-2] c.e.B.security.CustomUserDetails         : Entered Custom user details class 
2026-08-10T22:31:18.974+05:30 DEBUG 10216 --- [BankSystem] [http-nio-3030-exec-2] o.s.s.a.dao.DaoAuthenticationProvider    : Authenticated user
2026-08-10T22:31:18.974+05:30  INFO 10216 --- [BankSystem] [http-nio-3030-exec-2] c.e.BankSystem.security.JwtService       : Enter for generate token method
2026-08-10T22:31:19.121+05:30 DEBUG 10216 --- [BankSystem] [http-nio-3030-exec-2] o.s.s.w.a.AnonymousAuthenticationFilter  : Set SecurityContextHolder to anonymous SecurityContext
2026-08-10T22:32:31.059+05:30 DEBUG 10216 --- [BankSystem] [http-nio-3030-exec-6] o.s.security.web.FilterChainProxy        : Securing GET /api/v1/accounts/745536941691
2026-08-10T22:32:31.091+05:30  INFO 10216 --- [BankSystem] [http-nio-3030-exec-6] c.e.B.security.CustomUserDetailsService  : load User By Username for
2026-08-10T22:32:31.142+05:30 DEBUG 10216 --- [BankSystem] [http-nio-3030-exec-6] org.hibernate.SQL                        : 
    select
        ue1_0.id,
        ue1_0.active,
        ue1_0.email,
        ue1_0.mobile,
        ue1_0.name,
        ue1_0.password,
        ue1_0.role 
    from
        users ue1_0 
    where
        ue1_0.email=?
2026-08-10T22:32:31.142+05:30  INFO 10216 --- [BankSystem] [http-nio-3030-exec-6] c.e.B.security.CustomUserDetailsService  : Mail of user rohit@gmail.com
2026-08-10T22:32:31.142+05:30  INFO 10216 --- [BankSystem] [http-nio-3030-exec-6] c.e.B.security.CustomUserDetails         : Entered Custom user details class 
2026-08-10T22:32:31.157+05:30 DEBUG 10216 --- [BankSystem] [http-nio-3030-exec-6] o.s.security.web.FilterChainProxy        : Secured GET /api/v1/accounts/745536941691
2026-08-10T22:32:31.159+05:30  INFO 10216 --- [BankSystem] [http-nio-3030-exec-6] c.e.B.service.AccountServiceImpl         : Fetching account with account number: 745536941691
2026-08-10T22:32:31.159+05:30 DEBUG 10216 --- [BankSystem] [http-nio-3030-exec-6] org.hibernate.SQL                        : 
    select
        ae1_0.account_id,
        ae1_0.account_number,
        ae1_0.balance,
        ae1_0.status,
        ae1_0.user_id 
    from
        account ae1_0 
    where
        ae1_0.account_number=?
2026-08-10T22:32:31.175+05:30 DEBUG 10216 --- [BankSystem] [http-nio-3030-exec-6] org.hibernate.SQL                        : 
    select
        ue1_0.id,
        ue1_0.active,
        ue1_0.email,
        ue1_0.mobile,
        ue1_0.name,
        ue1_0.password,
        ue1_0.role 
    from
        users ue1_0 
    where
        ue1_0.id=?
2026-08-10T22:32:31.190+05:30  INFO 10216 --- [BankSystem] [http-nio-3030-exec-6] c.e.B.service.AccountServiceImpl         : Account fetched successfully: 745536941691
2026-08-10T22:32:39.826+05:30 DEBUG 10216 --- [BankSystem] [http-nio-3030-exec-7] o.s.security.web.FilterChainProxy        : Securing GET /api/v1/accounts/745536941691
2026-08-10T22:32:39.826+05:30 ERROR 10216 --- [BankSystem] [http-nio-3030-exec-7] o.a.c.c.C.[.[.[/].[dispatcherServlet]    : Servlet.service() for servlet [dispatcherServlet] in context with path [] threw exception

io.jsonwebtoken.MalformedJwtException: Compact JWT strings may not contain whitespace.
	at io.jsonwebtoken.impl.JwtTokenizer.tokenize(JwtTokenizer.java:67) ~[jjwt-impl-0.12.7.jar:0.12.7]
	at io.jsonwebtoken.impl.DefaultJwtParser.parse(DefaultJwtParser.java:372) ~[jjwt-impl-0.12.7.jar:0.12.7]
	at io.jsonwebtoken.impl.DefaultJwtParser.parse(DefaultJwtParser.java:364) ~[jjwt-impl-0.12.7.jar:0.12.7]
	at io.jsonwebtoken.impl.DefaultJwtParser.parse(DefaultJwtParser.java:94) ~[jjwt-impl-0.12.7.jar:0.12.7]
	at io.jsonwebtoken.impl.io.AbstractParser.parse(AbstractParser.java:36) ~[jjwt-impl-0.12.7.jar:0.12.7]
	at io.jsonwebtoken.impl.io.AbstractParser.parse(AbstractParser.java:29) ~[jjwt-impl-0.12.7.jar:0.12.7]
	at io.jsonwebtoken.impl.DefaultJwtParser.parseSignedClaims(DefaultJwtParser.java:827) ~[jjwt-impl-0.12.7.jar:0.12.7]
	at com.example.BankSystem.security.JwtService.extractAllClaims(JwtService.java:73) ~[classes/:na]
	at com.example.BankSystem.security.JwtService.extractClaim(JwtService.java:52) ~[classes/:na]
	at com.example.BankSystem.security.JwtService.extractUsername(JwtService.java:42) ~[classes/:na]
	at com.example.BankSystem.filter.JwtAuthenticationFilter.doFilterInternal(JwtAuthenticationFilter.java:48) ~[classes/:na]
	at org.springframework.web.filter.OncePerRequestFilter.doFilter(OncePerRequestFilter.java:116) ~[spring-web-6.2.8.jar:6.2.8]
	at org.springframework.security.web.FilterChainProxy$VirtualFilterChain.doFilter(FilterChainProxy.java:374) ~[spring-security-web-6.5.1.jar:6.5.1]
	at org.springframework.security.web.authentication.logout.LogoutFilter.doFilter(LogoutFilter.java:107) ~[spring-security-web-6.5.1.jar:6.5.1]
	at org.springframework.security.web.authentication.logout.LogoutFilter.doFilter(LogoutFilter.java:93) ~[spring-security-web-6.5.1.jar:6.5.1]
	at org.springframework.security.web.FilterChainProxy$VirtualFilterChain.doFilter(FilterChainProxy.java:374) ~[spring-security-web-6.5.1.jar:6.5.1]
	at org.springframework.security.web.header.HeaderWriterFilter.doHeadersAfter(HeaderWriterFilter.java:90) ~[spring-security-web-6.5.1.jar:6.5.1]
	at org.springframework.security.web.header.HeaderWriterFilter.doFilterInternal(HeaderWriterFilter.java:75) ~[spring-security-web-6.5.1.jar:6.5.1]
	at org.springframework.web.filter.OncePerRequestFilter.doFilter(OncePerRequestFilter.java:116) ~[spring-web-6.2.8.jar:6.2.8]
	at org.springframework.security.web.FilterChainProxy$VirtualFilterChain.doFilter(FilterChainProxy.java:374) ~[spring-security-web-6.5.1.jar:6.5.1]
	at org.springframework.security.web.context.SecurityContextHolderFilter.doFilter(SecurityContextHolderFilter.java:82) ~[spring-security-web-6.5.1.jar:6.5.1]
	at org.springframework.security.web.context.SecurityContextHolderFilter.doFilter(SecurityContextHolderFilter.java:69) ~[spring-security-web-6.5.1.jar:6.5.1]
	at org.springframework.security.web.FilterChainProxy$VirtualFilterChain.doFilter(FilterChainProxy.java:374) ~[spring-security-web-6.5.1.jar:6.5.1]
	at org.springframework.security.web.context.request.async.WebAsyncManagerIntegrationFilter.doFilterInternal(WebAsyncManagerIntegrationFilter.java:62) ~[spring-security-web-6.5.1.jar:6.5.1]
	at org.springframework.web.filter.OncePerRequestFilter.doFilter(OncePerRequestFilter.java:116) ~[spring-web-6.2.8.jar:6.2.8]
	at org.springframework.security.web.FilterChainProxy$VirtualFilterChain.doFilter(FilterChainProxy.java:374) ~[spring-security-web-6.5.1.jar:6.5.1]
	at org.springframework.security.web.session.DisableEncodeUrlFilter.doFilterInternal(DisableEncodeUrlFilter.java:42) ~[spring-security-web-6.5.1.jar:6.5.1]
	at org.springframework.web.filter.OncePerRequestFilter.doFilter(OncePerRequestFilter.java:116) ~[spring-web-6.2.8.jar:6.2.8]
	at org.springframework.security.web.FilterChainProxy$VirtualFilterChain.doFilter(FilterChainProxy.java:374) ~[spring-security-web-6.5.1.jar:6.5.1]
	at org.springframework.security.web.FilterChainProxy.doFilterInternal(FilterChainProxy.java:233) ~[spring-security-web-6.5.1.jar:6.5.1]
	at org.springframework.security.web.FilterChainProxy.doFilter(FilterChainProxy.java:191) ~[spring-security-web-6.5.1.jar:6.5.1]
	at org.springframework.web.filter.CompositeFilter$VirtualFilterChain.doFilter(CompositeFilter.java:113) ~[spring-web-6.2.8.jar:6.2.8]
	at org.springframework.web.filter.ServletRequestPathFilter.doFilter(ServletRequestPathFilter.java:52) ~[spring-web-6.2.8.jar:6.2.8]
	at org.springframework.web.filter.CompositeFilter$VirtualFilterChain.doFilter(CompositeFilter.java:113) ~[spring-web-6.2.8.jar:6.2.8]
	at org.springframework.web.filter.CompositeFilter.doFilter(CompositeFilter.java:74) ~[spring-web-6.2.8.jar:6.2.8]
	at org.springframework.security.config.annotation.web.configuration.WebSecurityConfiguration$CompositeFilterChainProxy.doFilter(WebSecurityConfiguration.java:319) ~[spring-security-config-6.5.1.jar:6.5.1]
	at org.springframework.web.filter.CompositeFilter$VirtualFilterChain.doFilter(CompositeFilter.java:113) ~[spring-web-6.2.8.jar:6.2.8]
	at org.springframework.web.servlet.handler.HandlerMappingIntrospector.lambda$createCacheFilter$4(HandlerMappingIntrospector.java:267) ~[spring-webmvc-6.2.8.jar:6.2.8]
	at org.springframework.web.filter.CompositeFilter$VirtualFilterChain.doFilter(CompositeFilter.java:113) ~[spring-web-6.2.8.jar:6.2.8]
	at org.springframework.web.filter.CompositeFilter.doFilter(CompositeFilter.java:74) ~[spring-web-6.2.8.jar:6.2.8]
	at org.springframework.security.config.annotation.web.configuration.WebMvcSecurityConfiguration$CompositeFilterChainProxy.doFilter(WebMvcSecurityConfiguration.java:240) ~[spring-security-config-6.5.1.jar:6.5.1]
	at org.springframework.web.filter.DelegatingFilterProxy.invokeDelegate(DelegatingFilterProxy.java:362) ~[spring-web-6.2.8.jar:6.2.8]
	at org.springframework.web.filter.DelegatingFilterProxy.doFilter(DelegatingFilterProxy.java:278) ~[spring-web-6.2.8.jar:6.2.8]
	at org.apache.catalina.core.ApplicationFilterChain.internalDoFilter(ApplicationFilterChain.java:164) ~[tomcat-embed-core-10.1.42.jar:10.1.42]
	at org.apache.catalina.core.ApplicationFilterChain.doFilter(ApplicationFilterChain.java:140) ~[tomcat-embed-core-10.1.42.jar:10.1.42]
	at org.springframework.web.filter.RequestContextFilter.doFilterInternal(RequestContextFilter.java:100) ~[spring-web-6.2.8.jar:6.2.8]
	at org.springframework.web.filter.OncePerRequestFilter.doFilter(OncePerRequestFilter.java:116) ~[spring-web-6.2.8.jar:6.2.8]
	at org.apache.catalina.core.ApplicationFilterChain.internalDoFilter(ApplicationFilterChain.java:164) ~[tomcat-embed-core-10.1.42.jar:10.1.42]
	at org.apache.catalina.core.ApplicationFilterChain.doFilter(ApplicationFilterChain.java:140) ~[tomcat-embed-core-10.1.42.jar:10.1.42]
	at org.springframework.web.filter.FormContentFilter.doFilterInternal(FormContentFilter.java:93) ~[spring-web-6.2.8.jar:6.2.8]
	at org.springframework.web.filter.OncePerRequestFilter.doFilter(OncePerRequestFilter.java:116) ~[spring-web-6.2.8.jar:6.2.8]
	at org.apache.catalina.core.ApplicationFilterChain.internalDoFilter(ApplicationFilterChain.java:164) ~[tomcat-embed-core-10.1.42.jar:10.1.42]
	at org.apache.catalina.core.ApplicationFilterChain.doFilter(ApplicationFilterChain.java:140) ~[tomcat-embed-core-10.1.42.jar:10.1.42]
	at org.springframework.web.filter.CharacterEncodingFilter.doFilterInternal(CharacterEncodingFilter.java:201) ~[spring-web-6.2.8.jar:6.2.8]
	at org.springframework.web.filter.OncePerRequestFilter.doFilter(OncePerRequestFilter.java:116) ~[spring-web-6.2.8.jar:6.2.8]
	at org.apache.catalina.core.ApplicationFilterChain.internalDoFilter(ApplicationFilterChain.java:164) ~[tomcat-embed-core-10.1.42.jar:10.1.42]
	at org.apache.catalina.core.ApplicationFilterChain.doFilter(ApplicationFilterChain.java:140) ~[tomcat-embed-core-10.1.42.jar:10.1.42]
	at org.apache.catalina.core.StandardWrapperValve.invoke(StandardWrapperValve.java:167) ~[tomcat-embed-core-10.1.42.jar:10.1.42]
	at org.apache.catalina.core.StandardContextValve.invoke(StandardContextValve.java:90) ~[tomcat-embed-core-10.1.42.jar:10.1.42]
	at org.apache.catalina.authenticator.AuthenticatorBase.invoke(AuthenticatorBase.java:483) ~[tomcat-embed-core-10.1.42.jar:10.1.42]
	at org.apache.catalina.core.StandardHostValve.invoke(StandardHostValve.java:116) ~[tomcat-embed-core-10.1.42.jar:10.1.42]
	at org.apache.catalina.valves.ErrorReportValve.invoke(ErrorReportValve.java:93) ~[tomcat-embed-core-10.1.42.jar:10.1.42]
	at org.apache.catalina.core.StandardEngineValve.invoke(StandardEngineValve.java:74) ~[tomcat-embed-core-10.1.42.jar:10.1.42]
	at org.apache.catalina.connector.CoyoteAdapter.service(CoyoteAdapter.java:344) ~[tomcat-embed-core-10.1.42.jar:10.1.42]
	at org.apache.coyote.http11.Http11Processor.service(Http11Processor.java:398) ~[tomcat-embed-core-10.1.42.jar:10.1.42]
	at org.apache.coyote.AbstractProcessorLight.process(AbstractProcessorLight.java:63) ~[tomcat-embed-core-10.1.42.jar:10.1.42]
	at org.apache.coyote.AbstractProtocol$ConnectionHandler.process(AbstractProtocol.java:903) ~[tomcat-embed-core-10.1.42.jar:10.1.42]
	at org.apache.tomcat.util.net.NioEndpoint$SocketProcessor.doRun(NioEndpoint.java:1769) ~[tomcat-embed-core-10.1.42.jar:10.1.42]
	at org.apache.tomcat.util.net.SocketProcessorBase.run(SocketProcessorBase.java:52) ~[tomcat-embed-core-10.1.42.jar:10.1.42]
	at org.apache.tomcat.util.threads.ThreadPoolExecutor.runWorker(ThreadPoolExecutor.java:1189) ~[tomcat-embed-core-10.1.42.jar:10.1.42]
	at org.apache.tomcat.util.threads.ThreadPoolExecutor$Worker.run(ThreadPoolExecutor.java:658) ~[tomcat-embed-core-10.1.42.jar:10.1.42]
	at org.apache.tomcat.util.threads.TaskThread$WrappingRunnable.run(TaskThread.java:63) ~[tomcat-embed-core-10.1.42.jar:10.1.42]
	at java.base/java.lang.Thread.run(Thread.java:1583) ~[na:na]

2026-08-10T22:32:39.838+05:30 DEBUG 10216 --- [BankSystem] [http-nio-3030-exec-7] o.s.security.web.FilterChainProxy        : Securing GET /error
2026-08-10T22:32:39.838+05:30 DEBUG 10216 --- [BankSystem] [http-nio-3030-exec-7] o.s.s.w.a.AnonymousAuthenticationFilter  : Set SecurityContextHolder to anonymous SecurityContext
2026-08-10T22:32:39.838+05:30 DEBUG 10216 --- [BankSystem] [http-nio-3030-exec-7] o.s.s.w.s.HttpSessionRequestCache        : Saved request http://localhost:3030/error?continue to session
2026-08-10T22:32:39.838+05:30 DEBUG 10216 --- [BankSystem] [http-nio-3030-exec-7] o.s.s.w.a.Http403ForbiddenEntryPoint     : Pre-authenticated entry point called. Rejecting access
2026-08-10T22:35:52.389+05:30 DEBUG 10216 --- [BankSystem] [http-nio-3030-exec-9] o.s.security.web.FilterChainProxy        : Securing GET /api/v1/accounts/745536941691
2026-08-10T22:35:52.390+05:30  INFO 10216 --- [BankSystem] [http-nio-3030-exec-9] c.e.B.security.CustomUserDetailsService  : load User By Username for
2026-08-10T22:35:52.393+05:30 DEBUG 10216 --- [BankSystem] [http-nio-3030-exec-9] org.hibernate.SQL                        : 
    select
        ue1_0.id,
        ue1_0.active,
        ue1_0.email,
        ue1_0.mobile,
        ue1_0.name,
        ue1_0.password,
        ue1_0.role 
    from
        users ue1_0 
    where
        ue1_0.email=?
2026-08-10T22:35:52.393+05:30  INFO 10216 --- [BankSystem] [http-nio-3030-exec-9] c.e.B.security.CustomUserDetailsService  : Mail of user rohit@gmail.com
2026-08-10T22:35:52.393+05:30  INFO 10216 --- [BankSystem] [http-nio-3030-exec-9] c.e.B.security.CustomUserDetails         : Entered Custom user details class 
2026-08-10T22:35:52.393+05:30 DEBUG 10216 --- [BankSystem] [http-nio-3030-exec-9] o.s.security.web.FilterChainProxy        : Secured GET /api/v1/accounts/745536941691
2026-08-10T22:35:52.393+05:30  INFO 10216 --- [BankSystem] [http-nio-3030-exec-9] c.e.B.service.AccountServiceImpl         : Fetching account with account number: 745536941691
2026-08-10T22:35:52.393+05:30 DEBUG 10216 --- [BankSystem] [http-nio-3030-exec-9] org.hibernate.SQL                        : 
    select
        ae1_0.account_id,
        ae1_0.account_number,
        ae1_0.balance,
        ae1_0.status,
        ae1_0.user_id 
    from
        account ae1_0 
    where
        ae1_0.account_number=?
2026-08-10T22:35:52.393+05:30 DEBUG 10216 --- [BankSystem] [http-nio-3030-exec-9] org.hibernate.SQL                        : 
    select
        ue1_0.id,
        ue1_0.active,
        ue1_0.email,
        ue1_0.mobile,
        ue1_0.name,
        ue1_0.password,
        ue1_0.role 
    from
        users ue1_0 
    where
        ue1_0.id=?
2026-08-10T22:35:52.393+05:30  INFO 10216 --- [BankSystem] [http-nio-3030-exec-9] c.e.B.service.AccountServiceImpl         : Account fetched successfully: 745536941691
2026-08-10T22:35:53.647+05:30 DEBUG 10216 --- [BankSystem] [http-nio-3030-exec-10] o.s.security.web.FilterChainProxy        : Securing GET /api/v1/accounts/745536941691
2026-08-10T22:35:53.647+05:30  INFO 10216 --- [BankSystem] [http-nio-3030-exec-10] c.e.B.security.CustomUserDetailsService  : load User By Username for
2026-08-10T22:35:53.647+05:30 DEBUG 10216 --- [BankSystem] [http-nio-3030-exec-10] org.hibernate.SQL                        : 
    select
        ue1_0.id,
        ue1_0.active,
        ue1_0.email,
        ue1_0.mobile,
        ue1_0.name,
        ue1_0.password,
        ue1_0.role 
    from
        users ue1_0 
    where
        ue1_0.email=?
2026-08-10T22:35:53.647+05:30  INFO 10216 --- [BankSystem] [http-nio-3030-exec-10] c.e.B.security.CustomUserDetailsService  : Mail of user rohit@gmail.com
2026-08-10T22:35:53.647+05:30  INFO 10216 --- [BankSystem] [http-nio-3030-exec-10] c.e.B.security.CustomUserDetails         : Entered Custom user details class 
2026-08-10T22:35:53.647+05:30 DEBUG 10216 --- [BankSystem] [http-nio-3030-exec-10] o.s.security.web.FilterChainProxy        : Secured GET /api/v1/accounts/745536941691
2026-08-10T22:35:53.647+05:30  INFO 10216 --- [BankSystem] [http-nio-3030-exec-10] c.e.B.service.AccountServiceImpl         : Fetching account with account number: 745536941691
2026-08-10T22:35:53.660+05:30 DEBUG 10216 --- [BankSystem] [http-nio-3030-exec-10] org.hibernate.SQL                        : 
    select
        ae1_0.account_id,
        ae1_0.account_number,
        ae1_0.balance,
        ae1_0.status,
        ae1_0.user_id 
    from
        account ae1_0 
    where
        ae1_0.account_number=?
2026-08-10T22:35:53.660+05:30 DEBUG 10216 --- [BankSystem] [http-nio-3030-exec-10] org.hibernate.SQL                        : 
    select
        ue1_0.id,
        ue1_0.active,
        ue1_0.email,
        ue1_0.mobile,
        ue1_0.name,
        ue1_0.password,
        ue1_0.role 
    from
        users ue1_0 
    where
        ue1_0.id=?
2026-08-10T22:35:53.660+05:30  INFO 10216 --- [BankSystem] [http-nio-3030-exec-10] c.e.B.service.AccountServiceImpl         : Account fetched successfully: 745536941691
2026-08-10T22:37:32.752+05:30 DEBUG 10216 --- [BankSystem] [http-nio-3030-exec-2] o.s.security.web.FilterChainProxy        : Securing POST /api/v1/users/12/accounts
2026-08-10T22:37:32.753+05:30  INFO 10216 --- [BankSystem] [http-nio-3030-exec-2] c.e.B.security.CustomUserDetailsService  : load User By Username for
2026-08-10T22:37:32.753+05:30 DEBUG 10216 --- [BankSystem] [http-nio-3030-exec-2] org.hibernate.SQL                        : 
    select
        ue1_0.id,
        ue1_0.active,
        ue1_0.email,
        ue1_0.mobile,
        ue1_0.name,
        ue1_0.password,
        ue1_0.role 
    from
        users ue1_0 
    where
        ue1_0.email=?
2026-08-10T22:37:32.753+05:30  INFO 10216 --- [BankSystem] [http-nio-3030-exec-2] c.e.B.security.CustomUserDetailsService  : Mail of user rohit@gmail.com
2026-08-10T22:37:32.753+05:30  INFO 10216 --- [BankSystem] [http-nio-3030-exec-2] c.e.B.security.CustomUserDetails         : Entered Custom user details class 
2026-08-10T22:37:32.753+05:30 DEBUG 10216 --- [BankSystem] [http-nio-3030-exec-2] o.s.security.web.FilterChainProxy        : Secured POST /api/v1/users/12/accounts
2026-08-10T22:37:32.802+05:30  INFO 10216 --- [BankSystem] [http-nio-3030-exec-2] c.e.B.service.AccountServiceImpl         : Creating account for user ID: 12
2026-08-10T22:37:32.818+05:30 DEBUG 10216 --- [BankSystem] [http-nio-3030-exec-2] org.hibernate.SQL                        : 
    select
        ue1_0.id,
        ue1_0.active,
        ue1_0.email,
        ue1_0.mobile,
        ue1_0.name,
        ue1_0.password,
        ue1_0.role 
    from
        users ue1_0 
    where
        ue1_0.id=?
2026-08-10T22:37:32.833+05:30 DEBUG 10216 --- [BankSystem] [http-nio-3030-exec-2] org.hibernate.SQL                        : 
    select
        ae1_0.account_id 
    from
        account ae1_0 
    where
        ae1_0.account_number=? 
    fetch
        first ? rows only
2026-08-10T22:37:32.864+05:30 DEBUG 10216 --- [BankSystem] [http-nio-3030-exec-2] org.hibernate.SQL                        : 
    insert 
    into
        account
        (account_number, balance, status, user_id) 
    values
        (?, ?, ?, ?)
2026-08-10T22:37:32.885+05:30  INFO 10216 --- [BankSystem] [http-nio-3030-exec-2] c.e.B.service.AccountServiceImpl         : Account created successfully. Account Number: 745536941651
2026-08-10T22:38:19.041+05:30 DEBUG 10216 --- [BankSystem] [http-nio-3030-exec-3] o.s.security.web.FilterChainProxy        : Securing GET /api/v1/users/getUser
2026-08-10T22:38:19.041+05:30 DEBUG 10216 --- [BankSystem] [http-nio-3030-exec-3] o.s.s.w.a.AnonymousAuthenticationFilter  : Set SecurityContextHolder to anonymous SecurityContext
2026-08-10T22:38:19.042+05:30 DEBUG 10216 --- [BankSystem] [http-nio-3030-exec-3] o.s.s.w.s.HttpSessionRequestCache        : Saved request http://localhost:3030/api/v1/users/getUser?continue to session
2026-08-10T22:38:19.042+05:30 DEBUG 10216 --- [BankSystem] [http-nio-3030-exec-3] o.s.s.w.a.Http403ForbiddenEntryPoint     : Pre-authenticated entry point called. Rejecting access
2026-08-10T22:38:19.043+05:30 DEBUG 10216 --- [BankSystem] [http-nio-3030-exec-3] o.s.security.web.FilterChainProxy        : Securing GET /error
2026-08-10T22:38:19.043+05:30 DEBUG 10216 --- [BankSystem] [http-nio-3030-exec-3] o.s.s.w.a.AnonymousAuthenticationFilter  : Set SecurityContextHolder to anonymous SecurityContext
2026-08-10T22:38:19.043+05:30 DEBUG 10216 --- [BankSystem] [http-nio-3030-exec-3] o.s.s.w.s.HttpSessionRequestCache        : Saved request http://localhost:3030/error?continue to session
2026-08-10T22:38:19.043+05:30 DEBUG 10216 --- [BankSystem] [http-nio-3030-exec-3] o.s.s.w.a.Http403ForbiddenEntryPoint     : Pre-authenticated entry point called. Rejecting access
2026-08-10T22:38:30.700+05:30 DEBUG 10216 --- [BankSystem] [http-nio-3030-exec-5] o.s.security.web.FilterChainProxy        : Securing GET /api/v1/users/getUser
2026-08-10T22:38:30.700+05:30 DEBUG 10216 --- [BankSystem] [http-nio-3030-exec-5] o.s.s.w.a.AnonymousAuthenticationFilter  : Set SecurityContextHolder to anonymous SecurityContext
2026-08-10T22:38:30.701+05:30 DEBUG 10216 --- [BankSystem] [http-nio-3030-exec-5] o.s.s.w.s.HttpSessionRequestCache        : Saved request http://localhost:3030/api/v1/users/getUser?continue to session
2026-08-10T22:38:30.701+05:30 DEBUG 10216 --- [BankSystem] [http-nio-3030-exec-5] o.s.s.w.a.Http403ForbiddenEntryPoint     : Pre-authenticated entry point called. Rejecting access
2026-08-10T22:38:30.702+05:30 DEBUG 10216 --- [BankSystem] [http-nio-3030-exec-5] o.s.security.web.FilterChainProxy        : Securing GET /error
2026-08-10T22:38:30.703+05:30 DEBUG 10216 --- [BankSystem] [http-nio-3030-exec-5] o.s.s.w.a.AnonymousAuthenticationFilter  : Set SecurityContextHolder to anonymous SecurityContext
2026-08-10T22:38:30.703+05:30 DEBUG 10216 --- [BankSystem] [http-nio-3030-exec-5] o.s.s.w.s.HttpSessionRequestCache        : Saved request http://localhost:3030/error?continue to session
2026-08-10T22:38:30.703+05:30 DEBUG 10216 --- [BankSystem] [http-nio-3030-exec-5] o.s.s.w.a.Http403ForbiddenEntryPoint     : Pre-authenticated entry point called. Rejecting access
2026-08-10T22:40:18.945+05:30 DEBUG 10216 --- [BankSystem] [http-nio-3030-exec-7] o.s.security.web.FilterChainProxy        : Securing GET /api/v1/admin/12/accounts
2026-08-10T22:40:18.945+05:30 ERROR 10216 --- [BankSystem] [http-nio-3030-exec-7] o.a.c.c.C.[.[.[/].[dispatcherServlet]    : Servlet.service() for servlet [dispatcherServlet] in context with path [] threw exception

io.jsonwebtoken.ExpiredJwtException: JWT expired 2246945 milliseconds ago at 2026-08-10T16:32:52.000Z. Current time: 2026-08-10T17:10:18.945Z. Allowed clock skew: 0 milliseconds.
	at io.jsonwebtoken.impl.DefaultJwtParser.parse(DefaultJwtParser.java:688) ~[jjwt-impl-0.12.7.jar:0.12.7]
	at io.jsonwebtoken.impl.DefaultJwtParser.parse(DefaultJwtParser.java:364) ~[jjwt-impl-0.12.7.jar:0.12.7]
	at io.jsonwebtoken.impl.DefaultJwtParser.parse(DefaultJwtParser.java:94) ~[jjwt-impl-0.12.7.jar:0.12.7]
	at io.jsonwebtoken.impl.io.AbstractParser.parse(AbstractParser.java:36) ~[jjwt-impl-0.12.7.jar:0.12.7]
	at io.jsonwebtoken.impl.io.AbstractParser.parse(AbstractParser.java:29) ~[jjwt-impl-0.12.7.jar:0.12.7]
	at io.jsonwebtoken.impl.DefaultJwtParser.parseSignedClaims(DefaultJwtParser.java:827) ~[jjwt-impl-0.12.7.jar:0.12.7]
	at com.example.BankSystem.security.JwtService.extractAllClaims(JwtService.java:73) ~[classes/:na]
	at com.example.BankSystem.security.JwtService.extractClaim(JwtService.java:52) ~[classes/:na]
	at com.example.BankSystem.security.JwtService.extractUsername(JwtService.java:42) ~[classes/:na]
	at com.example.BankSystem.filter.JwtAuthenticationFilter.doFilterInternal(JwtAuthenticationFilter.java:48) ~[classes/:na]
	at org.springframework.web.filter.OncePerRequestFilter.doFilter(OncePerRequestFilter.java:116) ~[spring-web-6.2.8.jar:6.2.8]
	at org.springframework.security.web.FilterChainProxy$VirtualFilterChain.doFilter(FilterChainProxy.java:374) ~[spring-security-web-6.5.1.jar:6.5.1]
	at org.springframework.security.web.authentication.logout.LogoutFilter.doFilter(LogoutFilter.java:107) ~[spring-security-web-6.5.1.jar:6.5.1]
	at org.springframework.security.web.authentication.logout.LogoutFilter.doFilter(LogoutFilter.java:93) ~[spring-security-web-6.5.1.jar:6.5.1]
	at org.springframework.security.web.FilterChainProxy$VirtualFilterChain.doFilter(FilterChainProxy.java:374) ~[spring-security-web-6.5.1.jar:6.5.1]
	at org.springframework.security.web.header.HeaderWriterFilter.doHeadersAfter(HeaderWriterFilter.java:90) ~[spring-security-web-6.5.1.jar:6.5.1]
	at org.springframework.security.web.header.HeaderWriterFilter.doFilterInternal(HeaderWriterFilter.java:75) ~[spring-security-web-6.5.1.jar:6.5.1]
	at org.springframework.web.filter.OncePerRequestFilter.doFilter(OncePerRequestFilter.java:116) ~[spring-web-6.2.8.jar:6.2.8]
	at org.springframework.security.web.FilterChainProxy$VirtualFilterChain.doFilter(FilterChainProxy.java:374) ~[spring-security-web-6.5.1.jar:6.5.1]
	at org.springframework.security.web.context.SecurityContextHolderFilter.doFilter(SecurityContextHolderFilter.java:82) ~[spring-security-web-6.5.1.jar:6.5.1]
	at org.springframework.security.web.context.SecurityContextHolderFilter.doFilter(SecurityContextHolderFilter.java:69) ~[spring-security-web-6.5.1.jar:6.5.1]
	at org.springframework.security.web.FilterChainProxy$VirtualFilterChain.doFilter(FilterChainProxy.java:374) ~[spring-security-web-6.5.1.jar:6.5.1]
	at org.springframework.security.web.context.request.async.WebAsyncManagerIntegrationFilter.doFilterInternal(WebAsyncManagerIntegrationFilter.java:62) ~[spring-security-web-6.5.1.jar:6.5.1]
	at org.springframework.web.filter.OncePerRequestFilter.doFilter(OncePerRequestFilter.java:116) ~[spring-web-6.2.8.jar:6.2.8]
	at org.springframework.security.web.FilterChainProxy$VirtualFilterChain.doFilter(FilterChainProxy.java:374) ~[spring-security-web-6.5.1.jar:6.5.1]
	at org.springframework.security.web.session.DisableEncodeUrlFilter.doFilterInternal(DisableEncodeUrlFilter.java:42) ~[spring-security-web-6.5.1.jar:6.5.1]
	at org.springframework.web.filter.OncePerRequestFilter.doFilter(OncePerRequestFilter.java:116) ~[spring-web-6.2.8.jar:6.2.8]
	at org.springframework.security.web.FilterChainProxy$VirtualFilterChain.doFilter(FilterChainProxy.java:374) ~[spring-security-web-6.5.1.jar:6.5.1]
	at org.springframework.security.web.FilterChainProxy.doFilterInternal(FilterChainProxy.java:233) ~[spring-security-web-6.5.1.jar:6.5.1]
	at org.springframework.security.web.FilterChainProxy.doFilter(FilterChainProxy.java:191) ~[spring-security-web-6.5.1.jar:6.5.1]
	at org.springframework.web.filter.CompositeFilter$VirtualFilterChain.doFilter(CompositeFilter.java:113) ~[spring-web-6.2.8.jar:6.2.8]
	at org.springframework.web.filter.ServletRequestPathFilter.doFilter(ServletRequestPathFilter.java:52) ~[spring-web-6.2.8.jar:6.2.8]
	at org.springframework.web.filter.CompositeFilter$VirtualFilterChain.doFilter(CompositeFilter.java:113) ~[spring-web-6.2.8.jar:6.2.8]
	at org.springframework.web.filter.CompositeFilter.doFilter(CompositeFilter.java:74) ~[spring-web-6.2.8.jar:6.2.8]
	at org.springframework.security.config.annotation.web.configuration.WebSecurityConfiguration$CompositeFilterChainProxy.doFilter(WebSecurityConfiguration.java:319) ~[spring-security-config-6.5.1.jar:6.5.1]
	at org.springframework.web.filter.CompositeFilter$VirtualFilterChain.doFilter(CompositeFilter.java:113) ~[spring-web-6.2.8.jar:6.2.8]
	at org.springframework.web.servlet.handler.HandlerMappingIntrospector.lambda$createCacheFilter$4(HandlerMappingIntrospector.java:267) ~[spring-webmvc-6.2.8.jar:6.2.8]
	at org.springframework.web.filter.CompositeFilter$VirtualFilterChain.doFilter(CompositeFilter.java:113) ~[spring-web-6.2.8.jar:6.2.8]
	at org.springframework.web.filter.CompositeFilter.doFilter(CompositeFilter.java:74) ~[spring-web-6.2.8.jar:6.2.8]
	at org.springframework.security.config.annotation.web.configuration.WebMvcSecurityConfiguration$CompositeFilterChainProxy.doFilter(WebMvcSecurityConfiguration.java:240) ~[spring-security-config-6.5.1.jar:6.5.1]
	at org.springframework.web.filter.DelegatingFilterProxy.invokeDelegate(DelegatingFilterProxy.java:362) ~[spring-web-6.2.8.jar:6.2.8]
	at org.springframework.web.filter.DelegatingFilterProxy.doFilter(DelegatingFilterProxy.java:278) ~[spring-web-6.2.8.jar:6.2.8]
	at org.apache.catalina.core.ApplicationFilterChain.internalDoFilter(ApplicationFilterChain.java:164) ~[tomcat-embed-core-10.1.42.jar:10.1.42]
	at org.apache.catalina.core.ApplicationFilterChain.doFilter(ApplicationFilterChain.java:140) ~[tomcat-embed-core-10.1.42.jar:10.1.42]
	at org.springframework.web.filter.RequestContextFilter.doFilterInternal(RequestContextFilter.java:100) ~[spring-web-6.2.8.jar:6.2.8]
	at org.springframework.web.filter.OncePerRequestFilter.doFilter(OncePerRequestFilter.java:116) ~[spring-web-6.2.8.jar:6.2.8]
	at org.apache.catalina.core.ApplicationFilterChain.internalDoFilter(ApplicationFilterChain.java:164) ~[tomcat-embed-core-10.1.42.jar:10.1.42]
	at org.apache.catalina.core.ApplicationFilterChain.doFilter(ApplicationFilterChain.java:140) ~[tomcat-embed-core-10.1.42.jar:10.1.42]
	at org.springframework.web.filter.FormContentFilter.doFilterInternal(FormContentFilter.java:93) ~[spring-web-6.2.8.jar:6.2.8]
	at org.springframework.web.filter.OncePerRequestFilter.doFilter(OncePerRequestFilter.java:116) ~[spring-web-6.2.8.jar:6.2.8]
	at org.apache.catalina.core.ApplicationFilterChain.internalDoFilter(ApplicationFilterChain.java:164) ~[tomcat-embed-core-10.1.42.jar:10.1.42]
	at org.apache.catalina.core.ApplicationFilterChain.doFilter(ApplicationFilterChain.java:140) ~[tomcat-embed-core-10.1.42.jar:10.1.42]
	at org.springframework.web.filter.CharacterEncodingFilter.doFilterInternal(CharacterEncodingFilter.java:201) ~[spring-web-6.2.8.jar:6.2.8]
	at org.springframework.web.filter.OncePerRequestFilter.doFilter(OncePerRequestFilter.java:116) ~[spring-web-6.2.8.jar:6.2.8]
	at org.apache.catalina.core.ApplicationFilterChain.internalDoFilter(ApplicationFilterChain.java:164) ~[tomcat-embed-core-10.1.42.jar:10.1.42]
	at org.apache.catalina.core.ApplicationFilterChain.doFilter(ApplicationFilterChain.java:140) ~[tomcat-embed-core-10.1.42.jar:10.1.42]
	at org.apache.catalina.core.StandardWrapperValve.invoke(StandardWrapperValve.java:167) ~[tomcat-embed-core-10.1.42.jar:10.1.42]
	at org.apache.catalina.core.StandardContextValve.invoke(StandardContextValve.java:90) ~[tomcat-embed-core-10.1.42.jar:10.1.42]
	at org.apache.catalina.authenticator.AuthenticatorBase.invoke(AuthenticatorBase.java:483) ~[tomcat-embed-core-10.1.42.jar:10.1.42]
	at org.apache.catalina.core.StandardHostValve.invoke(StandardHostValve.java:116) ~[tomcat-embed-core-10.1.42.jar:10.1.42]
	at org.apache.catalina.valves.ErrorReportValve.invoke(ErrorReportValve.java:93) ~[tomcat-embed-core-10.1.42.jar:10.1.42]
	at org.apache.catalina.core.StandardEngineValve.invoke(StandardEngineValve.java:74) ~[tomcat-embed-core-10.1.42.jar:10.1.42]
	at org.apache.catalina.connector.CoyoteAdapter.service(CoyoteAdapter.java:344) ~[tomcat-embed-core-10.1.42.jar:10.1.42]
	at org.apache.coyote.http11.Http11Processor.service(Http11Processor.java:398) ~[tomcat-embed-core-10.1.42.jar:10.1.42]
	at org.apache.coyote.AbstractProcessorLight.process(AbstractProcessorLight.java:63) ~[tomcat-embed-core-10.1.42.jar:10.1.42]
	at org.apache.coyote.AbstractProtocol$ConnectionHandler.process(AbstractProtocol.java:903) ~[tomcat-embed-core-10.1.42.jar:10.1.42]
	at org.apache.tomcat.util.net.NioEndpoint$SocketProcessor.doRun(NioEndpoint.java:1769) ~[tomcat-embed-core-10.1.42.jar:10.1.42]
	at org.apache.tomcat.util.net.SocketProcessorBase.run(SocketProcessorBase.java:52) ~[tomcat-embed-core-10.1.42.jar:10.1.42]
	at org.apache.tomcat.util.threads.ThreadPoolExecutor.runWorker(ThreadPoolExecutor.java:1189) ~[tomcat-embed-core-10.1.42.jar:10.1.42]
	at org.apache.tomcat.util.threads.ThreadPoolExecutor$Worker.run(ThreadPoolExecutor.java:658) ~[tomcat-embed-core-10.1.42.jar:10.1.42]
	at org.apache.tomcat.util.threads.TaskThread$WrappingRunnable.run(TaskThread.java:63) ~[tomcat-embed-core-10.1.42.jar:10.1.42]
	at java.base/java.lang.Thread.run(Thread.java:1583) ~[na:na]

2026-08-10T22:40:18.945+05:30 DEBUG 10216 --- [BankSystem] [http-nio-3030-exec-7] o.s.security.web.FilterChainProxy        : Securing GET /error
2026-08-10T22:40:18.945+05:30 DEBUG 10216 --- [BankSystem] [http-nio-3030-exec-7] o.s.s.w.a.AnonymousAuthenticationFilter  : Set SecurityContextHolder to anonymous SecurityContext
2026-08-10T22:40:18.945+05:30 DEBUG 10216 --- [BankSystem] [http-nio-3030-exec-7] o.s.s.w.s.HttpSessionRequestCache        : Saved request http://localhost:3030/error?continue to session
2026-08-10T22:40:18.945+05:30 DEBUG 10216 --- [BankSystem] [http-nio-3030-exec-7] o.s.s.w.a.Http403ForbiddenEntryPoint     : Pre-authenticated entry point called. Rejecting access
2026-08-10T22:41:03.862+05:30 DEBUG 10216 --- [BankSystem] [http-nio-3030-exec-8] o.s.security.web.FilterChainProxy        : Securing GET /api/v1/admin/12/accounts
2026-08-10T22:41:03.862+05:30  INFO 10216 --- [BankSystem] [http-nio-3030-exec-8] c.e.B.security.CustomUserDetailsService  : load User By Username for
2026-08-10T22:41:03.862+05:30 DEBUG 10216 --- [BankSystem] [http-nio-3030-exec-8] org.hibernate.SQL                        : 
    select
        ue1_0.id,
        ue1_0.active,
        ue1_0.email,
        ue1_0.mobile,
        ue1_0.name,
        ue1_0.password,
        ue1_0.role 
    from
        users ue1_0 
    where
        ue1_0.email=?
2026-08-10T22:41:03.862+05:30  INFO 10216 --- [BankSystem] [http-nio-3030-exec-8] c.e.B.security.CustomUserDetailsService  : Mail of user rohit@gmail.com
2026-08-10T22:41:03.862+05:30  INFO 10216 --- [BankSystem] [http-nio-3030-exec-8] c.e.B.security.CustomUserDetails         : Entered Custom user details class 
2026-08-10T22:41:03.862+05:30 DEBUG 10216 --- [BankSystem] [http-nio-3030-exec-8] o.s.s.w.access.AccessDeniedHandlerImpl   : Responding with 403 status code
2026-08-10T22:41:03.862+05:30 DEBUG 10216 --- [BankSystem] [http-nio-3030-exec-8] o.s.security.web.FilterChainProxy        : Securing GET /error
2026-08-10T22:41:03.872+05:30 DEBUG 10216 --- [BankSystem] [http-nio-3030-exec-8] o.s.s.w.a.AnonymousAuthenticationFilter  : Set SecurityContextHolder to anonymous SecurityContext
2026-08-10T22:41:03.872+05:30 DEBUG 10216 --- [BankSystem] [http-nio-3030-exec-8] o.s.s.w.s.HttpSessionRequestCache        : Saved request http://localhost:3030/error?continue to session
2026-08-10T22:41:03.872+05:30 DEBUG 10216 --- [BankSystem] [http-nio-3030-exec-8] o.s.s.w.a.Http403ForbiddenEntryPoint     : Pre-authenticated entry point called. Rejecting access
2026-08-10T22:41:22.071+05:30 DEBUG 10216 --- [BankSystem] [http-nio-3030-exec-9] o.s.security.web.FilterChainProxy        : Securing GET /api/v1/users/getUser
2026-08-10T22:41:22.071+05:30  INFO 10216 --- [BankSystem] [http-nio-3030-exec-9] c.e.B.security.CustomUserDetailsService  : load User By Username for
2026-08-10T22:41:22.071+05:30 DEBUG 10216 --- [BankSystem] [http-nio-3030-exec-9] org.hibernate.SQL                        : 
    select
        ue1_0.id,
        ue1_0.active,
        ue1_0.email,
        ue1_0.mobile,
        ue1_0.name,
        ue1_0.password,
        ue1_0.role 
    from
        users ue1_0 
    where
        ue1_0.email=?
2026-08-10T22:41:22.071+05:30  INFO 10216 --- [BankSystem] [http-nio-3030-exec-9] c.e.B.security.CustomUserDetailsService  : Mail of user rohit@gmail.com
2026-08-10T22:41:22.071+05:30  INFO 10216 --- [BankSystem] [http-nio-3030-exec-9] c.e.B.security.CustomUserDetails         : Entered Custom user details class 
2026-08-10T22:41:22.071+05:30 DEBUG 10216 --- [BankSystem] [http-nio-3030-exec-9] o.s.security.web.FilterChainProxy        : Secured GET /api/v1/users/getUser
2026-08-10T22:41:22.071+05:30  INFO 10216 --- [BankSystem] [http-nio-3030-exec-9] c.e.B.controller.UserController          : get userData method execute inside user controller 
2026-08-10T22:41:22.071+05:30  INFO 10216 --- [BankSystem] [http-nio-3030-exec-9] c.e.BankSystem.service.UserServiceImp    : User service implementation method execute 
2026-08-10T22:41:22.071+05:30  INFO 10216 --- [BankSystem] [http-nio-3030-exec-9] c.e.BankSystem.service.UserServiceImp    : Fetching user with Email: rohit@gmail.com
2026-08-10T22:41:22.071+05:30 DEBUG 10216 --- [BankSystem] [http-nio-3030-exec-9] org.hibernate.SQL                        : 
    select
        ue1_0.id,
        ue1_0.active,
        ue1_0.email,
        ue1_0.mobile,
        ue1_0.name,
        ue1_0.password,
        ue1_0.role 
    from
        users ue1_0 
    where
        ue1_0.email=?
2026-08-10T22:41:22.071+05:30  INFO 10216 --- [BankSystem] [http-nio-3030-exec-9] c.e.BankSystem.service.UserServiceImp    : User fetched successfully with Email: rohit@gmail.com
2026-08-10T22:41:30.131+05:30 DEBUG 10216 --- [BankSystem] [http-nio-3030-exec-10] o.s.security.web.FilterChainProxy        : Securing GET /api/v1/users/getUser
2026-08-10T22:41:30.132+05:30 DEBUG 10216 --- [BankSystem] [http-nio-3030-exec-10] o.s.s.w.a.AnonymousAuthenticationFilter  : Set SecurityContextHolder to anonymous SecurityContext
2026-08-10T22:41:30.133+05:30 DEBUG 10216 --- [BankSystem] [http-nio-3030-exec-10] o.s.s.w.s.HttpSessionRequestCache        : Saved request http://localhost:3030/api/v1/users/getUser?continue to session
2026-08-10T22:41:30.134+05:30 DEBUG 10216 --- [BankSystem] [http-nio-3030-exec-10] o.s.s.w.a.Http403ForbiddenEntryPoint     : Pre-authenticated entry point called. Rejecting access
2026-08-10T22:41:30.134+05:30 DEBUG 10216 --- [BankSystem] [http-nio-3030-exec-10] o.s.security.web.FilterChainProxy        : Securing GET /error
2026-08-10T22:41:30.134+05:30 DEBUG 10216 --- [BankSystem] [http-nio-3030-exec-10] o.s.s.w.a.AnonymousAuthenticationFilter  : Set SecurityContextHolder to anonymous SecurityContext
2026-08-10T22:41:30.134+05:30 DEBUG 10216 --- [BankSystem] [http-nio-3030-exec-10] o.s.s.w.s.HttpSessionRequestCache        : Saved request http://localhost:3030/error?continue to session
2026-08-10T22:41:30.134+05:30 DEBUG 10216 --- [BankSystem] [http-nio-3030-exec-10] o.s.s.w.a.Http403ForbiddenEntryPoint     : Pre-authenticated entry point called. Rejecting access
2026-08-10T22:43:39.978+05:30  INFO 10216 --- [BankSystem] [File Watcher] rtingClassPathChangeChangedEventListener : Restarting due to 1 class path change (0 additions, 0 deletions, 1 modification)
2026-08-10T22:43:39.985+05:30  INFO 10216 --- [BankSystem] [Thread-5] o.s.b.w.e.tomcat.GracefulShutdown        : Commencing graceful shutdown. Waiting for active requests to complete
2026-08-10T22:43:39.992+05:30  INFO 10216 --- [BankSystem] [tomcat-shutdown] o.s.b.w.e.tomcat.GracefulShutdown        : Graceful shutdown complete
2026-08-10T22:43:40.000+05:30  INFO 10216 --- [BankSystem] [Thread-5] j.LocalContainerEntityManagerFactoryBean : Closing JPA EntityManagerFactory for persistence unit 'default'
2026-08-10T22:43:40.007+05:30  INFO 10216 --- [BankSystem] [Thread-5] com.zaxxer.hikari.HikariDataSource       : HikariPool-1 - Shutdown initiated...
2026-08-10T22:43:40.016+05:30  INFO 10216 --- [BankSystem] [Thread-5] com.zaxxer.hikari.HikariDataSource       : HikariPool-1 - Shutdown completed.
2026-08-10T22:43:40.224+05:30  INFO 10216 --- [BankSystem] [restartedMain] c.e.BankSystem.BankSystemApplication     : Starting BankSystemApplication using Java 21.0.9 with PID 10216 (C:\Users\biraj\spring boot workspace\BankSystem\target\classes started by biraj in C:\Users\biraj\spring boot workspace\BankSystem)
2026-08-10T22:43:40.224+05:30  INFO 10216 --- [BankSystem] [restartedMain] c.e.BankSystem.BankSystemApplication     : No active profile set, falling back to 1 default profile: "default"
2026-08-10T22:43:40.733+05:30  INFO 10216 --- [BankSystem] [restartedMain] .s.d.r.c.RepositoryConfigurationDelegate : Bootstrapping Spring Data JPA repositories in DEFAULT mode.
2026-08-10T22:43:40.786+05:30  INFO 10216 --- [BankSystem] [restartedMain] .s.d.r.c.RepositoryConfigurationDelegate : Finished Spring Data repository scanning in 51 ms. Found 3 JPA repository interfaces.
2026-08-10T22:43:41.115+05:30  INFO 10216 --- [BankSystem] [restartedMain] o.s.b.w.embedded.tomcat.TomcatWebServer  : Tomcat initialized with port 3030 (http)
2026-08-10T22:43:41.139+05:30  INFO 10216 --- [BankSystem] [restartedMain] o.apache.catalina.core.StandardService   : Starting service [Tomcat]
2026-08-10T22:43:41.145+05:30  INFO 10216 --- [BankSystem] [restartedMain] o.apache.catalina.core.StandardEngine    : Starting Servlet engine: [Apache Tomcat/10.1.42]
2026-08-10T22:43:41.202+05:30  INFO 10216 --- [BankSystem] [restartedMain] o.a.c.c.C.[Tomcat].[localhost].[/]       : Initializing Spring embedded WebApplicationContext
2026-08-10T22:43:41.202+05:30  INFO 10216 --- [BankSystem] [restartedMain] w.s.c.ServletWebServerApplicationContext : Root WebApplicationContext: initialization completed in 974 ms
2026-08-10T22:43:41.315+05:30  INFO 10216 --- [BankSystem] [restartedMain] o.hibernate.jpa.internal.util.LogHelper  : HHH000204: Processing PersistenceUnitInfo [name: default]
2026-08-10T22:43:41.371+05:30  INFO 10216 --- [BankSystem] [restartedMain] o.h.c.internal.RegionFactoryInitiator    : HHH000026: Second-level cache disabled
2026-08-10T22:43:41.489+05:30  INFO 10216 --- [BankSystem] [restartedMain] o.s.o.j.p.SpringPersistenceUnitInfo      : No LoadTimeWeaver setup: ignoring JPA class transformer
2026-08-10T22:43:41.496+05:30  INFO 10216 --- [BankSystem] [restartedMain] com.zaxxer.hikari.HikariDataSource       : HikariPool-2 - Starting...
2026-08-10T22:43:41.679+05:30  INFO 10216 --- [BankSystem] [restartedMain] com.zaxxer.hikari.pool.HikariPool        : HikariPool-2 - Added connection org.postgresql.jdbc.PgConnection@24109d13
2026-08-10T22:43:41.680+05:30  INFO 10216 --- [BankSystem] [restartedMain] com.zaxxer.hikari.HikariDataSource       : HikariPool-2 - Start completed.
2026-08-10T22:43:41.710+05:30  WARN 10216 --- [BankSystem] [restartedMain] org.hibernate.orm.deprecation            : HHH90000025: PostgreSQLDialect does not need to be specified explicitly using 'hibernate.dialect' (remove the property setting and it will be selected by default)
2026-08-10T22:43:41.715+05:30  INFO 10216 --- [BankSystem] [restartedMain] org.hibernate.orm.connections.pooling    : HHH10001005: Database info:
	Database JDBC URL [Connecting through datasource 'HikariDataSource (HikariPool-2)']
	Database driver: undefined/unknown
	Database version: 18.4
	Autocommit mode: undefined/unknown
	Isolation level: undefined/unknown
	Minimum pool size: undefined/unknown
	Maximum pool size: undefined/unknown
2026-08-10T22:43:41.988+05:30  INFO 10216 --- [BankSystem] [restartedMain] o.h.e.t.j.p.i.JtaPlatformInitiator       : HHH000489: No JTA platform available (set 'hibernate.transaction.jta.platform' to enable JTA platform integration)
2026-08-10T22:43:42.333+05:30  INFO 10216 --- [BankSystem] [restartedMain] j.LocalContainerEntityManagerFactoryBean : Initialized JPA EntityManagerFactory for persistence unit 'default'
2026-08-10T22:43:42.498+05:30  INFO 10216 --- [BankSystem] [restartedMain] eAuthenticationProviderManagerConfigurer : Global AuthenticationManager configured with AuthenticationProvider bean with name authenticationProvider
2026-08-10T22:43:42.498+05:30  WARN 10216 --- [BankSystem] [restartedMain] r$InitializeUserDetailsManagerConfigurer : Global AuthenticationManager configured with an AuthenticationProvider bean. UserDetailsService beans will not be used by Spring Security for automatically configuring username/password login. Consider removing the AuthenticationProvider bean. Alternatively, consider using the UserDetailsService in a manually instantiated DaoAuthenticationProvider. If the current configuration is intentional, to turn off this warning, increase the logging level of 'org.springframework.security.config.annotation.authentication.configuration.InitializeUserDetailsBeanManagerConfigurer' to ERROR
2026-08-10T22:43:42.610+05:30  WARN 10216 --- [BankSystem] [restartedMain] JpaBaseConfiguration$JpaWebConfiguration : spring.jpa.open-in-view is enabled by default. Therefore, database queries may be performed during view rendering. Explicitly configure spring.jpa.open-in-view to disable this warning
2026-08-10T22:43:42.695+05:30 DEBUG 10216 --- [BankSystem] [restartedMain] o.s.s.web.DefaultSecurityFilterChain     : Will secure any request with filters: DisableEncodeUrlFilter, WebAsyncManagerIntegrationFilter, SecurityContextHolderFilter, HeaderWriterFilter, LogoutFilter, JwtAuthenticationFilter, RequestCacheAwareFilter, SecurityContextHolderAwareRequestFilter, AnonymousAuthenticationFilter, ExceptionTranslationFilter, AuthorizationFilter
2026-08-10T22:43:42.774+05:30  INFO 10216 --- [BankSystem] [restartedMain] o.s.b.d.a.OptionalLiveReloadServer       : LiveReload server is running on port 35729
2026-08-10T22:43:42.791+05:30  INFO 10216 --- [BankSystem] [restartedMain] o.s.b.w.embedded.tomcat.TomcatWebServer  : Tomcat started on port 3030 (http) with context path '/'
2026-08-10T22:43:42.798+05:30  INFO 10216 --- [BankSystem] [restartedMain] c.e.BankSystem.BankSystemApplication     : Started BankSystemApplication in 2.619 seconds (process running for 999.513)
2026-08-10T22:43:42.801+05:30  INFO 10216 --- [BankSystem] [restartedMain] .ConditionEvaluationDeltaLoggingListener : Condition evaluation unchanged
2026-08-10T22:43:54.159+05:30  INFO 10216 --- [BankSystem] [http-nio-3030-exec-3] o.a.c.c.C.[Tomcat].[localhost].[/]       : Initializing Spring DispatcherServlet 'dispatcherServlet'
2026-08-10T22:43:54.159+05:30  INFO 10216 --- [BankSystem] [http-nio-3030-exec-3] o.s.web.servlet.DispatcherServlet        : Initializing Servlet 'dispatcherServlet'
2026-08-10T22:43:54.160+05:30  INFO 10216 --- [BankSystem] [http-nio-3030-exec-3] o.s.web.servlet.DispatcherServlet        : Completed initialization in 1 ms
2026-08-10T22:43:54.161+05:30 DEBUG 10216 --- [BankSystem] [http-nio-3030-exec-3] o.s.security.web.FilterChainProxy        : Securing GET /api/v1/users/getUser
2026-08-10T22:43:54.164+05:30  INFO 10216 --- [BankSystem] [http-nio-3030-exec-3] c.e.B.security.CustomUserDetailsService  : load User By Username for
2026-08-10T22:43:54.187+05:30 DEBUG 10216 --- [BankSystem] [http-nio-3030-exec-3] org.hibernate.SQL                        : 
    select
        ue1_0.id,
        ue1_0.active,
        ue1_0.email,
        ue1_0.mobile,
        ue1_0.name,
        ue1_0.password,
        ue1_0.role 
    from
        users ue1_0 
    where
        ue1_0.email=?
2026-08-10T22:43:54.190+05:30  INFO 10216 --- [BankSystem] [http-nio-3030-exec-3] c.e.B.security.CustomUserDetailsService  : Mail of user rohit@gmail.com
2026-08-10T22:43:54.190+05:30  INFO 10216 --- [BankSystem] [http-nio-3030-exec-3] c.e.B.security.CustomUserDetails         : Entered Custom user details class 
2026-08-10T22:43:54.192+05:30 DEBUG 10216 --- [BankSystem] [http-nio-3030-exec-3] o.s.security.web.FilterChainProxy        : Secured GET /api/v1/users/getUser
2026-08-10T22:43:54.193+05:30  INFO 10216 --- [BankSystem] [http-nio-3030-exec-3] c.e.B.controller.UserController          : get userData method execute inside user controller 
2026-08-10T22:43:54.194+05:30  INFO 10216 --- [BankSystem] [http-nio-3030-exec-3] c.e.BankSystem.service.UserServiceImp    : User service implementation method execute 
2026-08-10T22:43:54.195+05:30  INFO 10216 --- [BankSystem] [http-nio-3030-exec-3] c.e.BankSystem.service.UserServiceImp    : Fetching user with Email: rohit@gmail.com
2026-08-10T22:43:54.196+05:30 DEBUG 10216 --- [BankSystem] [http-nio-3030-exec-3] org.hibernate.SQL                        : 
    select
        ue1_0.id,
        ue1_0.active,
        ue1_0.email,
        ue1_0.mobile,
        ue1_0.name,
        ue1_0.password,
        ue1_0.role 
    from
        users ue1_0 
    where
        ue1_0.email=?
2026-08-10T22:43:54.198+05:30  INFO 10216 --- [BankSystem] [http-nio-3030-exec-3] c.e.BankSystem.service.UserServiceImp    : User fetched successfully with Email: rohit@gmail.com
2026-08-10T22:44:39.244+05:30 DEBUG 10216 --- [BankSystem] [http-nio-3030-exec-2] o.s.security.web.FilterChainProxy        : Securing GET /api/v1/users/getUser
2026-08-10T22:44:39.244+05:30 DEBUG 10216 --- [BankSystem] [http-nio-3030-exec-2] o.s.s.w.a.AnonymousAuthenticationFilter  : Set SecurityContextHolder to anonymous SecurityContext
2026-08-10T22:44:39.245+05:30 DEBUG 10216 --- [BankSystem] [http-nio-3030-exec-2] o.s.s.w.s.HttpSessionRequestCache        : Saved request http://localhost:3030/api/v1/users/getUser?continue to session
2026-08-10T22:44:39.245+05:30 DEBUG 10216 --- [BankSystem] [http-nio-3030-exec-2] o.s.s.w.a.Http403ForbiddenEntryPoint     : Pre-authenticated entry point called. Rejecting access
2026-08-10T22:44:39.245+05:30 DEBUG 10216 --- [BankSystem] [http-nio-3030-exec-2] o.s.security.web.FilterChainProxy        : Securing GET /error
2026-08-10T22:44:39.245+05:30 DEBUG 10216 --- [BankSystem] [http-nio-3030-exec-2] o.s.s.w.a.AnonymousAuthenticationFilter  : Set SecurityContextHolder to anonymous SecurityContext
2026-08-10T22:44:39.245+05:30 DEBUG 10216 --- [BankSystem] [http-nio-3030-exec-2] o.s.s.w.s.HttpSessionRequestCache        : Saved request http://localhost:3030/error?continue to session
2026-08-10T22:44:39.245+05:30 DEBUG 10216 --- [BankSystem] [http-nio-3030-exec-2] o.s.s.w.a.Http403ForbiddenEntryPoint     : Pre-authenticated entry point called. Rejecting access
2026-08-10T22:54:35.589+05:30 DEBUG 10216 --- [BankSystem] [http-nio-3030-exec-5] o.s.security.web.FilterChainProxy        : Securing GET /api/v1/users/getUser
2026-08-10T22:54:35.590+05:30 ERROR 10216 --- [BankSystem] [http-nio-3030-exec-5] o.a.c.c.C.[.[.[/].[dispatcherServlet]    : Servlet.service() for servlet [dispatcherServlet] in context with path [] threw exception

io.jsonwebtoken.ExpiredJwtException: JWT expired 496590 milliseconds ago at 2026-08-10T17:16:19.000Z. Current time: 2026-08-10T17:24:35.590Z. Allowed clock skew: 0 milliseconds.
	at io.jsonwebtoken.impl.DefaultJwtParser.parse(DefaultJwtParser.java:688) ~[jjwt-impl-0.12.7.jar:0.12.7]
	at io.jsonwebtoken.impl.DefaultJwtParser.parse(DefaultJwtParser.java:364) ~[jjwt-impl-0.12.7.jar:0.12.7]
	at io.jsonwebtoken.impl.DefaultJwtParser.parse(DefaultJwtParser.java:94) ~[jjwt-impl-0.12.7.jar:0.12.7]
	at io.jsonwebtoken.impl.io.AbstractParser.parse(AbstractParser.java:36) ~[jjwt-impl-0.12.7.jar:0.12.7]
	at io.jsonwebtoken.impl.io.AbstractParser.parse(AbstractParser.java:29) ~[jjwt-impl-0.12.7.jar:0.12.7]
	at io.jsonwebtoken.impl.DefaultJwtParser.parseSignedClaims(DefaultJwtParser.java:827) ~[jjwt-impl-0.12.7.jar:0.12.7]
	at com.example.BankSystem.security.JwtService.extractAllClaims(JwtService.java:73) ~[classes/:na]
	at com.example.BankSystem.security.JwtService.extractClaim(JwtService.java:52) ~[classes/:na]
	at com.example.BankSystem.security.JwtService.extractUsername(JwtService.java:42) ~[classes/:na]
	at com.example.BankSystem.filter.JwtAuthenticationFilter.doFilterInternal(JwtAuthenticationFilter.java:49) ~[classes/:na]
	at org.springframework.web.filter.OncePerRequestFilter.doFilter(OncePerRequestFilter.java:116) ~[spring-web-6.2.8.jar:6.2.8]
	at org.springframework.security.web.FilterChainProxy$VirtualFilterChain.doFilter(FilterChainProxy.java:374) ~[spring-security-web-6.5.1.jar:6.5.1]
	at org.springframework.security.web.authentication.logout.LogoutFilter.doFilter(LogoutFilter.java:107) ~[spring-security-web-6.5.1.jar:6.5.1]
	at org.springframework.security.web.authentication.logout.LogoutFilter.doFilter(LogoutFilter.java:93) ~[spring-security-web-6.5.1.jar:6.5.1]
	at org.springframework.security.web.FilterChainProxy$VirtualFilterChain.doFilter(FilterChainProxy.java:374) ~[spring-security-web-6.5.1.jar:6.5.1]
	at org.springframework.security.web.header.HeaderWriterFilter.doHeadersAfter(HeaderWriterFilter.java:90) ~[spring-security-web-6.5.1.jar:6.5.1]
	at org.springframework.security.web.header.HeaderWriterFilter.doFilterInternal(HeaderWriterFilter.java:75) ~[spring-security-web-6.5.1.jar:6.5.1]
	at org.springframework.web.filter.OncePerRequestFilter.doFilter(OncePerRequestFilter.java:116) ~[spring-web-6.2.8.jar:6.2.8]
	at org.springframework.security.web.FilterChainProxy$VirtualFilterChain.doFilter(FilterChainProxy.java:374) ~[spring-security-web-6.5.1.jar:6.5.1]
	at org.springframework.security.web.context.SecurityContextHolderFilter.doFilter(SecurityContextHolderFilter.java:82) ~[spring-security-web-6.5.1.jar:6.5.1]
	at org.springframework.security.web.context.SecurityContextHolderFilter.doFilter(SecurityContextHolderFilter.java:69) ~[spring-security-web-6.5.1.jar:6.5.1]
	at org.springframework.security.web.FilterChainProxy$VirtualFilterChain.doFilter(FilterChainProxy.java:374) ~[spring-security-web-6.5.1.jar:6.5.1]
	at org.springframework.security.web.context.request.async.WebAsyncManagerIntegrationFilter.doFilterInternal(WebAsyncManagerIntegrationFilter.java:62) ~[spring-security-web-6.5.1.jar:6.5.1]
	at org.springframework.web.filter.OncePerRequestFilter.doFilter(OncePerRequestFilter.java:116) ~[spring-web-6.2.8.jar:6.2.8]
	at org.springframework.security.web.FilterChainProxy$VirtualFilterChain.doFilter(FilterChainProxy.java:374) ~[spring-security-web-6.5.1.jar:6.5.1]
	at org.springframework.security.web.session.DisableEncodeUrlFilter.doFilterInternal(DisableEncodeUrlFilter.java:42) ~[spring-security-web-6.5.1.jar:6.5.1]
	at org.springframework.web.filter.OncePerRequestFilter.doFilter(OncePerRequestFilter.java:116) ~[spring-web-6.2.8.jar:6.2.8]
	at org.springframework.security.web.FilterChainProxy$VirtualFilterChain.doFilter(FilterChainProxy.java:374) ~[spring-security-web-6.5.1.jar:6.5.1]
	at org.springframework.security.web.FilterChainProxy.doFilterInternal(FilterChainProxy.java:233) ~[spring-security-web-6.5.1.jar:6.5.1]
	at org.springframework.security.web.FilterChainProxy.doFilter(FilterChainProxy.java:191) ~[spring-security-web-6.5.1.jar:6.5.1]
	at org.springframework.web.filter.CompositeFilter$VirtualFilterChain.doFilter(CompositeFilter.java:113) ~[spring-web-6.2.8.jar:6.2.8]
	at org.springframework.web.filter.ServletRequestPathFilter.doFilter(ServletRequestPathFilter.java:52) ~[spring-web-6.2.8.jar:6.2.8]
	at org.springframework.web.filter.CompositeFilter$VirtualFilterChain.doFilter(CompositeFilter.java:113) ~[spring-web-6.2.8.jar:6.2.8]
	at org.springframework.web.filter.CompositeFilter.doFilter(CompositeFilter.java:74) ~[spring-web-6.2.8.jar:6.2.8]
	at org.springframework.security.config.annotation.web.configuration.WebSecurityConfiguration$CompositeFilterChainProxy.doFilter(WebSecurityConfiguration.java:319) ~[spring-security-config-6.5.1.jar:6.5.1]
	at org.springframework.web.filter.CompositeFilter$VirtualFilterChain.doFilter(CompositeFilter.java:113) ~[spring-web-6.2.8.jar:6.2.8]
	at org.springframework.web.servlet.handler.HandlerMappingIntrospector.lambda$createCacheFilter$4(HandlerMappingIntrospector.java:267) ~[spring-webmvc-6.2.8.jar:6.2.8]
	at org.springframework.web.filter.CompositeFilter$VirtualFilterChain.doFilter(CompositeFilter.java:113) ~[spring-web-6.2.8.jar:6.2.8]
	at org.springframework.web.filter.CompositeFilter.doFilter(CompositeFilter.java:74) ~[spring-web-6.2.8.jar:6.2.8]
	at org.springframework.security.config.annotation.web.configuration.WebMvcSecurityConfiguration$CompositeFilterChainProxy.doFilter(WebMvcSecurityConfiguration.java:240) ~[spring-security-config-6.5.1.jar:6.5.1]
	at org.springframework.web.filter.DelegatingFilterProxy.invokeDelegate(DelegatingFilterProxy.java:362) ~[spring-web-6.2.8.jar:6.2.8]
	at org.springframework.web.filter.DelegatingFilterProxy.doFilter(DelegatingFilterProxy.java:278) ~[spring-web-6.2.8.jar:6.2.8]
	at org.apache.catalina.core.ApplicationFilterChain.internalDoFilter(ApplicationFilterChain.java:164) ~[tomcat-embed-core-10.1.42.jar:10.1.42]
	at org.apache.catalina.core.ApplicationFilterChain.doFilter(ApplicationFilterChain.java:140) ~[tomcat-embed-core-10.1.42.jar:10.1.42]
	at org.springframework.web.filter.RequestContextFilter.doFilterInternal(RequestContextFilter.java:100) ~[spring-web-6.2.8.jar:6.2.8]
	at org.springframework.web.filter.OncePerRequestFilter.doFilter(OncePerRequestFilter.java:116) ~[spring-web-6.2.8.jar:6.2.8]
	at org.apache.catalina.core.ApplicationFilterChain.internalDoFilter(ApplicationFilterChain.java:164) ~[tomcat-embed-core-10.1.42.jar:10.1.42]
	at org.apache.catalina.core.ApplicationFilterChain.doFilter(ApplicationFilterChain.java:140) ~[tomcat-embed-core-10.1.42.jar:10.1.42]
	at org.springframework.web.filter.FormContentFilter.doFilterInternal(FormContentFilter.java:93) ~[spring-web-6.2.8.jar:6.2.8]
	at org.springframework.web.filter.OncePerRequestFilter.doFilter(OncePerRequestFilter.java:116) ~[spring-web-6.2.8.jar:6.2.8]
	at org.apache.catalina.core.ApplicationFilterChain.internalDoFilter(ApplicationFilterChain.java:164) ~[tomcat-embed-core-10.1.42.jar:10.1.42]
	at org.apache.catalina.core.ApplicationFilterChain.doFilter(ApplicationFilterChain.java:140) ~[tomcat-embed-core-10.1.42.jar:10.1.42]
	at org.springframework.web.filter.CharacterEncodingFilter.doFilterInternal(CharacterEncodingFilter.java:201) ~[spring-web-6.2.8.jar:6.2.8]
	at org.springframework.web.filter.OncePerRequestFilter.doFilter(OncePerRequestFilter.java:116) ~[spring-web-6.2.8.jar:6.2.8]
	at org.apache.catalina.core.ApplicationFilterChain.internalDoFilter(ApplicationFilterChain.java:164) ~[tomcat-embed-core-10.1.42.jar:10.1.42]
	at org.apache.catalina.core.ApplicationFilterChain.doFilter(ApplicationFilterChain.java:140) ~[tomcat-embed-core-10.1.42.jar:10.1.42]
	at org.apache.catalina.core.StandardWrapperValve.invoke(StandardWrapperValve.java:167) ~[tomcat-embed-core-10.1.42.jar:10.1.42]
	at org.apache.catalina.core.StandardContextValve.invoke(StandardContextValve.java:90) ~[tomcat-embed-core-10.1.42.jar:10.1.42]
	at org.apache.catalina.authenticator.AuthenticatorBase.invoke(AuthenticatorBase.java:483) ~[tomcat-embed-core-10.1.42.jar:10.1.42]
	at org.apache.catalina.core.StandardHostValve.invoke(StandardHostValve.java:116) ~[tomcat-embed-core-10.1.42.jar:10.1.42]
	at org.apache.catalina.valves.ErrorReportValve.invoke(ErrorReportValve.java:93) ~[tomcat-embed-core-10.1.42.jar:10.1.42]
	at org.apache.catalina.core.StandardEngineValve.invoke(StandardEngineValve.java:74) ~[tomcat-embed-core-10.1.42.jar:10.1.42]
	at org.apache.catalina.connector.CoyoteAdapter.service(CoyoteAdapter.java:344) ~[tomcat-embed-core-10.1.42.jar:10.1.42]
	at org.apache.coyote.http11.Http11Processor.service(Http11Processor.java:398) ~[tomcat-embed-core-10.1.42.jar:10.1.42]
	at org.apache.coyote.AbstractProcessorLight.process(AbstractProcessorLight.java:63) ~[tomcat-embed-core-10.1.42.jar:10.1.42]
	at org.apache.coyote.AbstractProtocol$ConnectionHandler.process(AbstractProtocol.java:903) ~[tomcat-embed-core-10.1.42.jar:10.1.42]
	at org.apache.tomcat.util.net.NioEndpoint$SocketProcessor.doRun(NioEndpoint.java:1769) ~[tomcat-embed-core-10.1.42.jar:10.1.42]
	at org.apache.tomcat.util.net.SocketProcessorBase.run(SocketProcessorBase.java:52) ~[tomcat-embed-core-10.1.42.jar:10.1.42]
	at org.apache.tomcat.util.threads.ThreadPoolExecutor.runWorker(ThreadPoolExecutor.java:1189) ~[tomcat-embed-core-10.1.42.jar:10.1.42]
	at org.apache.tomcat.util.threads.ThreadPoolExecutor$Worker.run(ThreadPoolExecutor.java:658) ~[tomcat-embed-core-10.1.42.jar:10.1.42]
	at org.apache.tomcat.util.threads.TaskThread$WrappingRunnable.run(TaskThread.java:63) ~[tomcat-embed-core-10.1.42.jar:10.1.42]
	at java.base/java.lang.Thread.run(Thread.java:1583) ~[na:na]

2026-08-10T22:54:35.590+05:30 DEBUG 10216 --- [BankSystem] [http-nio-3030-exec-5] o.s.security.web.FilterChainProxy        : Securing GET /error
2026-08-10T22:54:35.590+05:30 DEBUG 10216 --- [BankSystem] [http-nio-3030-exec-5] o.s.s.w.a.AnonymousAuthenticationFilter  : Set SecurityContextHolder to anonymous SecurityContext
2026-08-10T22:54:35.590+05:30 DEBUG 10216 --- [BankSystem] [http-nio-3030-exec-5] o.s.s.w.s.HttpSessionRequestCache        : Saved request http://localhost:3030/error?continue to session
2026-08-10T22:54:35.590+05:30 DEBUG 10216 --- [BankSystem] [http-nio-3030-exec-5] o.s.s.w.a.Http403ForbiddenEntryPoint     : Pre-authenticated entry point called. Rejecting access
2026-08-10T22:54:38.121+05:30 DEBUG 10216 --- [BankSystem] [http-nio-3030-exec-8] o.s.security.web.FilterChainProxy        : Securing GET /api/v1/users/getUser
2026-08-10T22:54:38.121+05:30 ERROR 10216 --- [BankSystem] [http-nio-3030-exec-8] o.a.c.c.C.[.[.[/].[dispatcherServlet]    : Servlet.service() for servlet [dispatcherServlet] in context with path [] threw exception

io.jsonwebtoken.ExpiredJwtException: JWT expired 499121 milliseconds ago at 2026-08-10T17:16:19.000Z. Current time: 2026-08-10T17:24:38.121Z. Allowed clock skew: 0 milliseconds.
	at io.jsonwebtoken.impl.DefaultJwtParser.parse(DefaultJwtParser.java:688) ~[jjwt-impl-0.12.7.jar:0.12.7]
	at io.jsonwebtoken.impl.DefaultJwtParser.parse(DefaultJwtParser.java:364) ~[jjwt-impl-0.12.7.jar:0.12.7]
	at io.jsonwebtoken.impl.DefaultJwtParser.parse(DefaultJwtParser.java:94) ~[jjwt-impl-0.12.7.jar:0.12.7]
	at io.jsonwebtoken.impl.io.AbstractParser.parse(AbstractParser.java:36) ~[jjwt-impl-0.12.7.jar:0.12.7]
	at io.jsonwebtoken.impl.io.AbstractParser.parse(AbstractParser.java:29) ~[jjwt-impl-0.12.7.jar:0.12.7]
	at io.jsonwebtoken.impl.DefaultJwtParser.parseSignedClaims(DefaultJwtParser.java:827) ~[jjwt-impl-0.12.7.jar:0.12.7]
	at com.example.BankSystem.security.JwtService.extractAllClaims(JwtService.java:73) ~[classes/:na]
	at com.example.BankSystem.security.JwtService.extractClaim(JwtService.java:52) ~[classes/:na]
	at com.example.BankSystem.security.JwtService.extractUsername(JwtService.java:42) ~[classes/:na]
	at com.example.BankSystem.filter.JwtAuthenticationFilter.doFilterInternal(JwtAuthenticationFilter.java:49) ~[classes/:na]
	at org.springframework.web.filter.OncePerRequestFilter.doFilter(OncePerRequestFilter.java:116) ~[spring-web-6.2.8.jar:6.2.8]
	at org.springframework.security.web.FilterChainProxy$VirtualFilterChain.doFilter(FilterChainProxy.java:374) ~[spring-security-web-6.5.1.jar:6.5.1]
	at org.springframework.security.web.authentication.logout.LogoutFilter.doFilter(LogoutFilter.java:107) ~[spring-security-web-6.5.1.jar:6.5.1]
	at org.springframework.security.web.authentication.logout.LogoutFilter.doFilter(LogoutFilter.java:93) ~[spring-security-web-6.5.1.jar:6.5.1]
	at org.springframework.security.web.FilterChainProxy$VirtualFilterChain.doFilter(FilterChainProxy.java:374) ~[spring-security-web-6.5.1.jar:6.5.1]
	at org.springframework.security.web.header.HeaderWriterFilter.doHeadersAfter(HeaderWriterFilter.java:90) ~[spring-security-web-6.5.1.jar:6.5.1]
	at org.springframework.security.web.header.HeaderWriterFilter.doFilterInternal(HeaderWriterFilter.java:75) ~[spring-security-web-6.5.1.jar:6.5.1]
	at org.springframework.web.filter.OncePerRequestFilter.doFilter(OncePerRequestFilter.java:116) ~[spring-web-6.2.8.jar:6.2.8]
	at org.springframework.security.web.FilterChainProxy$VirtualFilterChain.doFilter(FilterChainProxy.java:374) ~[spring-security-web-6.5.1.jar:6.5.1]
	at org.springframework.security.web.context.SecurityContextHolderFilter.doFilter(SecurityContextHolderFilter.java:82) ~[spring-security-web-6.5.1.jar:6.5.1]
	at org.springframework.security.web.context.SecurityContextHolderFilter.doFilter(SecurityContextHolderFilter.java:69) ~[spring-security-web-6.5.1.jar:6.5.1]
	at org.springframework.security.web.FilterChainProxy$VirtualFilterChain.doFilter(FilterChainProxy.java:374) ~[spring-security-web-6.5.1.jar:6.5.1]
	at org.springframework.security.web.context.request.async.WebAsyncManagerIntegrationFilter.doFilterInternal(WebAsyncManagerIntegrationFilter.java:62) ~[spring-security-web-6.5.1.jar:6.5.1]
	at org.springframework.web.filter.OncePerRequestFilter.doFilter(OncePerRequestFilter.java:116) ~[spring-web-6.2.8.jar:6.2.8]
	at org.springframework.security.web.FilterChainProxy$VirtualFilterChain.doFilter(FilterChainProxy.java:374) ~[spring-security-web-6.5.1.jar:6.5.1]
	at org.springframework.security.web.session.DisableEncodeUrlFilter.doFilterInternal(DisableEncodeUrlFilter.java:42) ~[spring-security-web-6.5.1.jar:6.5.1]
	at org.springframework.web.filter.OncePerRequestFilter.doFilter(OncePerRequestFilter.java:116) ~[spring-web-6.2.8.jar:6.2.8]
	at org.springframework.security.web.FilterChainProxy$VirtualFilterChain.doFilter(FilterChainProxy.java:374) ~[spring-security-web-6.5.1.jar:6.5.1]
	at org.springframework.security.web.FilterChainProxy.doFilterInternal(FilterChainProxy.java:233) ~[spring-security-web-6.5.1.jar:6.5.1]
	at org.springframework.security.web.FilterChainProxy.doFilter(FilterChainProxy.java:191) ~[spring-security-web-6.5.1.jar:6.5.1]
	at org.springframework.web.filter.CompositeFilter$VirtualFilterChain.doFilter(CompositeFilter.java:113) ~[spring-web-6.2.8.jar:6.2.8]
	at org.springframework.web.filter.ServletRequestPathFilter.doFilter(ServletRequestPathFilter.java:52) ~[spring-web-6.2.8.jar:6.2.8]
	at org.springframework.web.filter.CompositeFilter$VirtualFilterChain.doFilter(CompositeFilter.java:113) ~[spring-web-6.2.8.jar:6.2.8]
	at org.springframework.web.filter.CompositeFilter.doFilter(CompositeFilter.java:74) ~[spring-web-6.2.8.jar:6.2.8]
	at org.springframework.security.config.annotation.web.configuration.WebSecurityConfiguration$CompositeFilterChainProxy.doFilter(WebSecurityConfiguration.java:319) ~[spring-security-config-6.5.1.jar:6.5.1]
	at org.springframework.web.filter.CompositeFilter$VirtualFilterChain.doFilter(CompositeFilter.java:113) ~[spring-web-6.2.8.jar:6.2.8]
	at org.springframework.web.servlet.handler.HandlerMappingIntrospector.lambda$createCacheFilter$4(HandlerMappingIntrospector.java:267) ~[spring-webmvc-6.2.8.jar:6.2.8]
	at org.springframework.web.filter.CompositeFilter$VirtualFilterChain.doFilter(CompositeFilter.java:113) ~[spring-web-6.2.8.jar:6.2.8]
	at org.springframework.web.filter.CompositeFilter.doFilter(CompositeFilter.java:74) ~[spring-web-6.2.8.jar:6.2.8]
	at org.springframework.security.config.annotation.web.configuration.WebMvcSecurityConfiguration$CompositeFilterChainProxy.doFilter(WebMvcSecurityConfiguration.java:240) ~[spring-security-config-6.5.1.jar:6.5.1]
	at org.springframework.web.filter.DelegatingFilterProxy.invokeDelegate(DelegatingFilterProxy.java:362) ~[spring-web-6.2.8.jar:6.2.8]
	at org.springframework.web.filter.DelegatingFilterProxy.doFilter(DelegatingFilterProxy.java:278) ~[spring-web-6.2.8.jar:6.2.8]
	at org.apache.catalina.core.ApplicationFilterChain.internalDoFilter(ApplicationFilterChain.java:164) ~[tomcat-embed-core-10.1.42.jar:10.1.42]
	at org.apache.catalina.core.ApplicationFilterChain.doFilter(ApplicationFilterChain.java:140) ~[tomcat-embed-core-10.1.42.jar:10.1.42]
	at org.springframework.web.filter.RequestContextFilter.doFilterInternal(RequestContextFilter.java:100) ~[spring-web-6.2.8.jar:6.2.8]
	at org.springframework.web.filter.OncePerRequestFilter.doFilter(OncePerRequestFilter.java:116) ~[spring-web-6.2.8.jar:6.2.8]
	at org.apache.catalina.core.ApplicationFilterChain.internalDoFilter(ApplicationFilterChain.java:164) ~[tomcat-embed-core-10.1.42.jar:10.1.42]
	at org.apache.catalina.core.ApplicationFilterChain.doFilter(ApplicationFilterChain.java:140) ~[tomcat-embed-core-10.1.42.jar:10.1.42]
	at org.springframework.web.filter.FormContentFilter.doFilterInternal(FormContentFilter.java:93) ~[spring-web-6.2.8.jar:6.2.8]
	at org.springframework.web.filter.OncePerRequestFilter.doFilter(OncePerRequestFilter.java:116) ~[spring-web-6.2.8.jar:6.2.8]
	at org.apache.catalina.core.ApplicationFilterChain.internalDoFilter(ApplicationFilterChain.java:164) ~[tomcat-embed-core-10.1.42.jar:10.1.42]
	at org.apache.catalina.core.ApplicationFilterChain.doFilter(ApplicationFilterChain.java:140) ~[tomcat-embed-core-10.1.42.jar:10.1.42]
	at org.springframework.web.filter.CharacterEncodingFilter.doFilterInternal(CharacterEncodingFilter.java:201) ~[spring-web-6.2.8.jar:6.2.8]
	at org.springframework.web.filter.OncePerRequestFilter.doFilter(OncePerRequestFilter.java:116) ~[spring-web-6.2.8.jar:6.2.8]
	at org.apache.catalina.core.ApplicationFilterChain.internalDoFilter(ApplicationFilterChain.java:164) ~[tomcat-embed-core-10.1.42.jar:10.1.42]
	at org.apache.catalina.core.ApplicationFilterChain.doFilter(ApplicationFilterChain.java:140) ~[tomcat-embed-core-10.1.42.jar:10.1.42]
	at org.apache.catalina.core.StandardWrapperValve.invoke(StandardWrapperValve.java:167) ~[tomcat-embed-core-10.1.42.jar:10.1.42]
	at org.apache.catalina.core.StandardContextValve.invoke(StandardContextValve.java:90) ~[tomcat-embed-core-10.1.42.jar:10.1.42]
	at org.apache.catalina.authenticator.AuthenticatorBase.invoke(AuthenticatorBase.java:483) ~[tomcat-embed-core-10.1.42.jar:10.1.42]
	at org.apache.catalina.core.StandardHostValve.invoke(StandardHostValve.java:116) ~[tomcat-embed-core-10.1.42.jar:10.1.42]
	at org.apache.catalina.valves.ErrorReportValve.invoke(ErrorReportValve.java:93) ~[tomcat-embed-core-10.1.42.jar:10.1.42]
	at org.apache.catalina.core.StandardEngineValve.invoke(StandardEngineValve.java:74) ~[tomcat-embed-core-10.1.42.jar:10.1.42]
	at org.apache.catalina.connector.CoyoteAdapter.service(CoyoteAdapter.java:344) ~[tomcat-embed-core-10.1.42.jar:10.1.42]
	at org.apache.coyote.http11.Http11Processor.service(Http11Processor.java:398) ~[tomcat-embed-core-10.1.42.jar:10.1.42]
	at org.apache.coyote.AbstractProcessorLight.process(AbstractProcessorLight.java:63) ~[tomcat-embed-core-10.1.42.jar:10.1.42]
	at org.apache.coyote.AbstractProtocol$ConnectionHandler.process(AbstractProtocol.java:903) ~[tomcat-embed-core-10.1.42.jar:10.1.42]
	at org.apache.tomcat.util.net.NioEndpoint$SocketProcessor.doRun(NioEndpoint.java:1769) ~[tomcat-embed-core-10.1.42.jar:10.1.42]
	at org.apache.tomcat.util.net.SocketProcessorBase.run(SocketProcessorBase.java:52) ~[tomcat-embed-core-10.1.42.jar:10.1.42]
	at org.apache.tomcat.util.threads.ThreadPoolExecutor.runWorker(ThreadPoolExecutor.java:1189) ~[tomcat-embed-core-10.1.42.jar:10.1.42]
	at org.apache.tomcat.util.threads.ThreadPoolExecutor$Worker.run(ThreadPoolExecutor.java:658) ~[tomcat-embed-core-10.1.42.jar:10.1.42]
	at org.apache.tomcat.util.threads.TaskThread$WrappingRunnable.run(TaskThread.java:63) ~[tomcat-embed-core-10.1.42.jar:10.1.42]
	at java.base/java.lang.Thread.run(Thread.java:1583) ~[na:na]

2026-08-10T22:54:38.121+05:30 DEBUG 10216 --- [BankSystem] [http-nio-3030-exec-8] o.s.security.web.FilterChainProxy        : Securing GET /error
2026-08-10T22:54:38.121+05:30 DEBUG 10216 --- [BankSystem] [http-nio-3030-exec-8] o.s.s.w.a.AnonymousAuthenticationFilter  : Set SecurityContextHolder to anonymous SecurityContext
2026-08-10T22:54:38.121+05:30 DEBUG 10216 --- [BankSystem] [http-nio-3030-exec-8] o.s.s.w.s.HttpSessionRequestCache        : Saved request http://localhost:3030/error?continue to session
2026-08-10T22:54:38.121+05:30 DEBUG 10216 --- [BankSystem] [http-nio-3030-exec-8] o.s.s.w.a.Http403ForbiddenEntryPoint     : Pre-authenticated entry point called. Rejecting access
